data,stato,region_code,region_name,denominazione_provincia,codice_provincia,province_letter_code,lat,long,total_cases
2020-10-10 18:00:00,US,53,Wisconsin,Limestone County,65031,OK,41.78444,-90.787868,513.3422171188
2020-10-10 18:00:00,US,53,Wisconsin,Limestone County,65032,OR,41.78444,-90.787868,570.5560286911
2020-10-10 18:00:00,US,53,Wisconsin,Limestone County,65033,PA,41.78444,-90.787868,620.437357929
2020-10-10 18:00:00,US,53,Wisconsin,Limestone County,65034,PR,41.78444,-90.787868,664.1031672623
2020-10-10 18:00:00,US,54,Wyoming,Limestone County,65035,RI,41.075968,-109.290284,9.0956499279
2020-10-10 18:00:00,US,54,Wyoming,Limestone County,65036,SC,41.075968,-109.290284,10.8456846661
2020-10-10 18:00:00,US,54,Wyoming,Limestone County,65037,SD,41.075968,-109.290284,13.1214928205
2020-10-10 18:00:00,US,54,Wyoming,Limestone County,65038,TN,41.075968,-109.290284,16.2236026764
2020-10-10 18:00:00,US,64,Guam,Limestone County,65039,TX,42.075968,-108.290284,3.6232531171
2020-10-10 18:00:00,US,64,Guam,Limestone County,65040,UT,43.075968,-107.290284,4.3737904139
2020-10-10 18:00:00,US,64,Guam,Limestone County,65041,VA,44.075968,-106.290284,5.0868005983
2020-10-10 18:00:00,US,64,Guam,Limestone County,65042,VT,45.075968,-105.290284,5.701147338
2020-10-10 18:00:00,US,67,Northern Mariana Islands,Limestone County,65043,WA,46.075968,-104.290284,0.5038940411
2020-10-10 18:00:00,US,67,Northern Mariana Islands,Limestone County,65044,WI,47.075968,-103.290284,1.1139660898
2020-10-10 18:00:00,US,67,Northern Mariana Islands,Limestone County,65045,WV,48.075968,-102.290284,1.6961676521
2020-10-10 18:00:00,US,67,Northern Mariana Islands,Limestone County,65046,WY,49.075968,-101.290284,2.1993221572
2020-10-10 18:00:00,US,70,Puerto Rico,Limestone County,65047,AK,50.075968,-100.290284,133.5011909727
2020-10-10 18:00:00,US,70,Puerto Rico,Limestone County,65048,AL,51.075968,-99.290284,146.0118268145
2020-10-10 18:00:00,US,70,Puerto Rico,Limestone County,65049,AR,52.075968,-98.290284,156.2490718567
2020-10-10 18:00:00,US,70,Puerto Rico,Limestone County,65050,AZ,53.075968,-97.290284,165.0049641834
2020-10-10 18:00:00,US,76,Virgin Islands,Limestone County,65051,CA,54.075968,-96.290284,5.4463829227
2020-10-10 18:00:00,US,76,Virgin Islands,Limestone County,65052,CO,55.075968,-95.290284,7.1649242493
2020-10-10 18:00:00,US,76,Virgin Islands,Limestone County,65053,CT,56.075968,-94.290284,8.5919468182
2020-10-11 14:00:00,US,76,Virgin Islands,Limestone County,65054,DC,57.075968,-93.290284,9.7586387642
2020-10-11 14:00:00,US,US,Virgin Islands,Limestone County,65055,DE,58.075968,-92.290284,97569.6768101288
2020-10-11 14:00:00,US,US,Virgin Islands,Limestone County,65056,FL,59.075968,-91.290284,104397.339413103
2020-10-11 14:00:00,US,US,Virgin Islands,Limestone County,65057,GA,60.075968,-90.290284,109452.479178455
2020-10-11 14:00:00,US,US,Virgin Islands,Limestone County,65058,HI,61.075968,-89.290284,113361.526603905
2020-10-11 14:00:00,US,0,Alabama,coffee county,64635,AK,31.318231,-87.902298,658
2020-10-11 14:00:00,US,0,Alabama,Henry County,64635,AL,31.318231,-87.902298,802
2020-10-11 14:00:00,US,0,Alabama,Limestone County,64635,AR,31.318231,-87.902298,904
2020-10-11 14:00:00,US,0,Alabama,Shelby county,64635,AZ,31.318231,-87.902298,972
2020-10-11 14:00:00,US,1,Alaska,coffee county,64636,CA,62.588753,-155.493062,11
2020-10-11 14:00:00,US,1,Alaska,Henry County,64637,CO,62.588753,-155.493062,14
2020-10-11 14:00:00,US,1,Alaska,Limestone County,64638,CT,62.588753,-155.493062,15
2020-10-11 14:00:00,US,1,Alaska,Shelby county,64639,DC,62.588753,-155.493062,16
2020-10-11 14:00:00,US,3,Arizona,coffee county,64640,DE,33.048928,-112.093731,843
2020-10-11 14:00:00,US,3,Arizona,Henry County,64641,FL,33.048928,-112.093731,1005
2020-10-11 14:00:00,US,3,Arizona,Limestone County,64642,GA,33.048928,-112.093731,1138
2020-10-11 14:00:00,US,3,Arizona,Shelby county,64643,HI,33.048928,-112.093731,1245
2020-10-11 14:00:00,US,4,Arkansas,coffee county,64644,IA,34.20105,-92.831833,138
2020-10-11 14:00:00,US,4,Arkansas,Henry County,64645,ID,34.20105,-92.831833,169
2020-10-11 14:00:00,US,4,Arkansas,Limestone County,64646,IL,34.20105,-92.831833,188
2020-10-11 14:00:00,US,4,Arkansas,Shelby county,64647,IN,34.20105,-92.831833,199
2020-10-11 14:00:00,US,5,California,coffee county,64648,KS,35.778261,-120.417932,4019
2020-10-11 14:00:00,US,5,California,Henry County,64649,KY,35.778261,-120.417932,4751
2020-10-11 14:00:00,US,5,California,Limestone County,64650,LA,35.778261,-120.417932,5348
2020-10-11 14:00:00,US,5,California,Shelby county,64651,MA,35.778261,-120.417932,5823
2020-10-11 14:00:00,US,7,Colorado,coffee county,64652,MD,38.550051,-106.782067,1446
2020-10-11 14:00:00,US,7,Colorado,Henry County,64653,ME,38.550051,-106.782067,1672
2020-10-11 14:00:00,US,7,Colorado,Limestone County,64654,MI,38.550051,-106.782067,1855
2020-10-11 14:00:00,US,7,Colorado,Shelby county,64655,MN,38.550051,-106.782067,1999
2020-10-11 14:00:00,US,8,Connecticut,coffee county,64656,MO,40.603221,-74.087749,3736
2020-10-11 14:00:00,US,8,Connecticut,Henry County,64657,MS,40.603221,-74.087749,4065
2020-10-11 14:00:00,US,8,Connecticut,Limestone County,64658,MT,40.603221,-74.087749,4335
2020-10-11 14:00:00,US,8,Connecticut,Shelby county,64659,NC,40.603221,-74.087749,4551
2020-10-11 14:00:00,US,9,Delaware,coffee county,64660,ND,37.910832,-76.52767,365
2020-10-11 14:00:00,US,9,Delaware,Henry County,64661,NE,37.910832,-76.52767,441
2020-10-11 14:00:00,US,9,Delaware,Limestone County,64662,NH,37.910832,-76.52767,503
2020-10-11 14:00:00,US,9,Delaware,Shelby county,64663,NJ,37.910832,-76.52767,552
2020-10-11 14:00:00,US,10,District of Columbia,coffee county,64664,NM,37.905985,-78.033418,467
2020-10-11 14:00:00,US,10,District of Columbia,Henry County,64665,NV,37.905985,-78.033418,539
2020-10-11 14:00:00,US,10,District of Columbia,Limestone County,64666,NY,37.905985,-78.033418,590
2020-10-11 14:00:00,US,10,District of Columbia,Shelby county,64667,OH,37.905985,-78.033418,624
2020-10-11 14:00:00,US,11,Florida,coffee county,64668,OK,26.664827,-82.515754,2396
2020-10-11 14:00:00,US,11,Florida,Henry County,64669,OR,26.664827,-82.515754,2771
2020-10-11 14:00:00,US,11,Florida,Limestone County,64670,PA,26.664827,-82.515754,3066
2020-10-11 14:00:00,US,11,Florida,Shelby county,64671,PR,26.664827,-82.515754,3293
2020-10-11 14:00:00,US,12,Georgia,coffee county,64672,RI,31.157435,-83.907123,1918
2020-10-12 16:00:00,US,12,Georgia,Henry County,64673,SC,31.157435,-83.907123,2173
2020-10-12 16:00:00,US,12,Georgia,Limestone County,64674,SD,31.157435,-83.907123,2345
2020-10-12 16:00:00,US,12,Georgia,Shelby county,64675,TN,31.157435,-83.907123,2457
2020-10-12 16:00:00,US,14,Hawaii,coffee county,64676,TX,18.898682,-156.665857,20
2020-10-12 16:00:00,US,14,Hawaii,Henry County,64677,UT,18.898682,-156.665857,24
2020-10-12 16:00:00,US,14,Hawaii,Limestone County,64678,VA,18.898682,-156.665857,26
2020-10-12 16:00:00,US,14,Hawaii,Shelby county,64679,VT,18.898682,-156.665857,28
2020-10-12 16:00:00,US,15,Idaho,coffee county,64680,WA,43.068202,-115.742041,91
2020-10-12 16:00:00,US,15,Idaho,Henry County,64681,WI,43.068202,-115.742041,105
2020-10-12 16:00:00,US,15,Idaho,Limestone County,64682,WV,43.068202,-115.742041,114
2020-10-12 16:00:00,US,15,Idaho,Shelby county,64683,WY,43.068202,-115.742041,119
2020-10-12 16:00:00,US,16,Illinois,coffee county,64684,AK,39.633125,-90.398528,5391
2020-10-12 16:00:00,US,16,Illinois,Henry County,64685,AL,39.633125,-90.398528,6429
2020-10-12 16:00:00,US,16,Illinois,Limestone County,64686,AR,39.633125,-90.398528,7153
2020-10-12 16:00:00,US,16,Illinois,Shelby county,64687,AZ,39.633125,-90.398528,7659
2020-10-12 16:00:00,US,17,Indiana,coffee county,64688,CA,39.551217,-86.602364,2177
2020-10-12 16:00:00,US,17,Indiana,Henry County,64689,CO,39.551217,-86.602364,2507
2020-10-12 16:00:00,US,17,Indiana,Limestone County,64690,CT,39.551217,-86.602364,2720
2020-10-12 16:00:00,US,17,Indiana,Shelby county,64691,DC,39.551217,-86.602364,2856
2020-10-12 16:00:00,US,18,Iowa,coffee county,64692,DE,40.878003,-94.097702,493
2020-10-12 16:00:00,US,18,Iowa,Henry County,64693,FL,40.878003,-94.097702,624
2020-10-12 16:00:00,US,18,Iowa,Limestone County,64694,GA,40.878003,-94.097702,722
2020-10-12 16:00:00,US,18,Iowa,Shelby county,64695,HI,40.878003,-94.097702,795
2020-10-12 16:00:00,US,19,Kansas,coffee county,64696,IA,38.011902,-99.484246,260
2020-10-12 16:00:00,US,19,Kansas,Henry County,64697,ID,38.011902,-99.484246,309
2020-10-12 16:00:00,US,19,Kansas,Limestone County,64698,IL,38.011902,-99.484246,339
2020-10-12 16:00:00,US,19,Kansas,Shelby county,64699,IN,38.011902,-99.484246,357
2020-10-12 16:00:00,US,20,Kentucky,coffee county,64700,KS,36.839333,-85.270018,403
2020-10-12 16:00:00,US,20,Kentucky,Henry County,64701,KY,36.839333,-85.270018,456
2020-10-12 16:00:00,US,20,Kentucky,Limestone County,64702,LA,36.839333,-85.270018,489
2020-10-12 16:00:00,US,20,Kentucky,Shelby county,64703,MA,36.839333,-85.270018,508
2020-10-12 16:00:00,US,21,Louisiana,coffee county,64704,MD,30.244823,-93.145024,2811
2020-10-12 16:00:00,US,21,Louisiana,Henry County,64705,ME,30.244823,-93.145024,3075
2020-10-12 16:00:00,US,21,Louisiana,Limestone County,64706,MI,30.244823,-93.145024,3255
2020-10-12 16:00:00,US,21,Louisiana,Shelby county,64707,MN,30.244823,-93.145024,3376
2020-10-12 16:00:00,US,22,Maine,coffee county,64708,MO,44.253783,-70.445469,83
2020-10-13 17:00:00,US,22,Maine,Henry County,64709,MS,44.253783,-70.445469,97
2020-10-13 17:00:00,US,22,Maine,Limestone County,64710,MT,44.253783,-70.445469,108
2020-10-13 17:00:00,US,22,Maine,Shelby county,64711,NC,44.253783,-70.445469,116
2020-10-13 17:00:00,US,23,Maryland,coffee county,64712,ND,38.045755,-77.641271,2417
2020-10-13 17:00:00,US,23,Maryland,Henry County,64713,NE,38.045755,-77.641271,2789
2020-10-13 17:00:00,US,23,Maryland,Limestone County,64714,NH,38.045755,-77.641271,3057
2020-10-13 17:00:00,US,23,Maryland,Shelby county,64715,NJ,38.045755,-77.641271,3255
2020-10-13 17:00:00,US,24,Massachusetts,coffee county,64716,NM,41.407211,-72.382437,6892
2020-10-13 17:00:00,US,24,Massachusetts,Henry County,64717,NV,41.407211,-72.382437,7870
2020-10-13 17:00:00,US,24,Massachusetts,Limestone County,64718,NY,41.407211,-72.382437,8593
2020-10-13 17:00:00,US,24,Massachusetts,Shelby county,64719,OH,41.407211,-72.382437,9119
2020-10-13 17:00:00,US,25,Michigan,coffee county,64720,OK,43.314844,-86.602364,5379
2020-10-13 17:00:00,US,25,Michigan,Henry County,64721,OR,43.314844,-86.602364,5856
2020-10-13 17:00:00,US,25,Michigan,Limestone County,64722,PA,43.314844,-86.602364,6245
2020-10-13 17:00:00,US,25,Michigan,Shelby county,64723,PR,43.314844,-86.602364,6552
2020-10-13 17:00:00,US,26,Minnesota,coffee county,64724,RI,45.729553,-95.6859,1040
2020-10-13 17:00:00,US,26,Minnesota,Henry County,64725,SC,45.729553,-95.6859,1331
2020-10-13 17:00:00,US,26,Minnesota,Limestone County,64726,SD,45.729553,-95.6859,1555
2020-10-13 17:00:00,US,26,Minnesota,Shelby county,64727,TN,45.729553,-95.6859,1717
2020-10-13 17:00:00,US,27,Mississippi,coffee county,64728,TX,31.354668,-90.398528,670
2020-10-13 17:00:00,US,27,Mississippi,Henry County,64729,UT,31.354668,-90.398528,816
2020-10-13 17:00:00,US,27,Mississippi,Limestone County,64730,VA,31.354668,-90.398528,944
2020-10-13 17:00:00,US,27,Mississippi,Shelby county,64731,VT,31.354668,-90.398528,1055
2020-10-13 17:00:00,US,28,Missouri,coffee county,64732,WA,36.964253,-92.831833,756
2020-10-13 17:00:00,US,28,Missouri,Henry County,64733,WI,36.964253,-92.831833,886
2020-10-13 17:00:00,US,28,Missouri,Limestone County,64734,WV,36.964253,-92.831833,980
2020-10-13 17:00:00,US,28,Missouri,Shelby county,64735,WY,36.964253,-92.831833,1046
2020-10-13 17:00:00,US,29,Montana,coffee county,64736,AK,45.879682,-111.362566,18
2020-10-13 17:00:00,US,29,Montana,Henry County,64737,AL,45.879682,-111.362566,21
2020-10-13 17:00:00,US,29,Montana,Limestone County,64738,AR,45.879682,-111.362566,22
2020-10-13 17:00:00,US,29,Montana,Shelby county,64739,AZ,45.879682,-111.362566,23
2020-10-13 17:00:00,US,30,Nebraska,coffee county,64740,CA,40.492537,-100.901813,208
2020-10-13 17:00:00,US,30,Nebraska,Henry County,64741,CO,40.492537,-100.901813,272
2020-10-13 17:00:00,US,30,Nebraska,Limestone County,64742,CT,40.492537,-100.901813,311
2020-10-13 17:00:00,US,30,Nebraska,Shelby county,64743,DC,40.492537,-100.901813,334
2020-10-13 17:00:00,US,31,Nevada,coffee county,64744,DE,37.80261,-117.419389,408
2020-10-13 17:00:00,US,31,Nevada,Henry County,64745,FL,37.80261,-117.419389,460
2020-10-13 17:00:00,US,31,Nevada,Limestone County,64746,GA,37.80261,-117.419389,500
2020-10-13 17:00:00,US,31,Nevada,Shelby county,64747,HI,37.80261,-117.419389,528
2020-10-13 17:00:00,US,32,New Hampshire,coffee county,64748,IA,33.97273,-106.032363,217
2020-10-13 17:00:00,US,32,New Hampshire,Henry County,64749,ID,33.97273,-106.032363,258
2020-10-13 17:00:00,US,32,New Hampshire,Limestone County,64750,IL,33.97273,-106.032363,286
2020-10-13 17:00:00,US,32,New Hampshire,Shelby county,64751,IN,33.97273,-106.032363,309
2020-10-13 17:00:00,US,33,New Jersey,coffee county,64752,KS,39.058324,-75.405661,12042
2020-10-13 17:00:00,US,33,New Jersey,Henry County,64753,KY,39.058324,-75.405661,13340
2020-10-13 17:00:00,US,33,New Jersey,Limestone County,64754,LA,39.058324,-75.405661,14172
2020-10-13 17:00:00,US,33,New Jersey,Shelby county,64755,MA,39.058324,-75.405661,14700
2020-10-13 17:00:00,US,34,New Mexico,coffee county,64756,MD,42.193852,-72.572395,323
2020-10-13 17:00:00,US,34,New Mexico,Henry County,64757,ME,42.193852,-72.572395,382
2020-10-13 17:00:00,US,34,New Mexico,Limestone County,64758,MI,42.193852,-72.572395,428
2020-10-13 17:00:00,US,34,New Mexico,Shelby county,64759,MN,42.193852,-72.572395,464
2020-10-13 17:00:00,US,35,New York,coffee county,64760,MO,42.299428,-75.217933,30956
2020-10-13 17:00:00,US,35,New York,Henry County,64761,MS,42.299428,-75.217933,33003
2020-10-13 17:00:00,US,35,New York,Limestone County,64762,MT,42.299428,-75.217933,34265
2020-10-13 17:00:00,US,35,New York,Shelby county,64763,NC,42.299428,-75.217933,35040
2020-10-13 17:00:00,US,36,North Carolina,coffee county,64764,ND,34.759573,-80.0193,906
2020-10-13 17:00:00,US,36,North Carolina,Henry County,64765,NE,34.759573,-80.0193,1123
2020-10-13 17:00:00,US,36,North Carolina,Limestone County,64766,NH,34.759573,-80.0193,1298
2020-10-13 17:00:00,US,36,North Carolina,Shelby county,64767,NJ,34.759573,-80.0193,1441
2020-10-13 17:00:00,US,37,North Dakota,coffee county,64768,NM,46.551493,-102.002012,58
2020-10-13 17:00:00,US,37,North Dakota,Henry County,64769,NV,46.551493,-102.002012,72
2020-10-13 17:00:00,US,37,North Dakota,Limestone County,64770,NY,46.551493,-102.002012,82
2020-10-13 17:00:00,US,37,North Dakota,Shelby county,64771,OH,46.551493,-102.002012,89
2020-10-13 17:00:00,US,38,Ohio,coffee county,64772,OK,39.417287,-83.907123,1880
2020-10-13 17:00:00,US,38,Ohio,Henry County,64773,OR,39.417287,-83.907123,2097
2020-10-13 17:00:00,US,38,Ohio,Limestone County,64774,PA,39.417287,-83.907123,2246
2020-10-13 17:00:00,US,38,Ohio,Shelby county,64775,PR,39.417287,-83.907123,2343
2020-10-13 17:00:00,US,39,Oklahoma,coffee county,64776,RI,34.007752,-98.092877,333
2020-10-13 17:00:00,US,39,Oklahoma,Henry County,64777,SC,34.007752,-98.092877,373
2020-10-13 17:00:00,US,39,Oklahoma,Limestone County,64778,SD,34.007752,-98.092877,404
2020-10-13 17:00:00,US,39,Oklahoma,Shelby county,64779,TN,42.804133,-121.554201,427
2020-10-13 17:00:00,US,40,Oregon,coffee county,64780,TX,42.804133,-121.554201,169
2020-10-13 17:00:00,US,40,Oregon,Henry County,64781,UT,42.804133,-121.554201,202
2020-10-13 17:00:00,US,40,Oregon,Limestone County,64782,VA,42.804133,-121.554201,227
2020-10-14 19:00:00,US,40,Oregon,Shelby county,64783,VT,42.804133,-121.554201,247
2020-10-14 19:00:00,US,41,Pennsylvania,coffee county,64784,WA,40.203322,-78.194525,5286
2020-10-14 19:00:00,US,41,Pennsylvania,Henry County,64785,WI,40.203322,-78.194525,5917
2020-10-14 19:00:00,US,41,Pennsylvania,Limestone County,64786,WV,40.203322,-78.194525,6333
2020-10-14 19:00:00,US,41,Pennsylvania,Shelby county,64787,WY,40.203322,-78.194525,6596
2020-10-14 19:00:00,US,43,Rhode Island,coffee county,64788,AK,40.580095,-72.477429,620
2020-10-14 19:00:00,US,43,Rhode Island,Henry County,64789,AL,40.580095,-72.477429,727
2020-10-14 19:00:00,US,43,Rhode Island,Limestone County,64790,AR,40.580095,-72.477429,804
2020-10-14 19:00:00,US,43,Rhode Island,Shelby county,64791,AZ,40.580095,-72.477429,858
2020-10-14 19:00:00,US,44,South Carolina,coffee county,64792,CA,32.836081,-82.163725,460
2020-10-14 19:00:00,US,44,South Carolina,Henry County,64793,CO,32.836081,-82.163725,522
2020-10-14 19:00:00,US,44,South Carolina,Limestone County,64794,CT,32.836081,-82.163725,564
2020-10-14 19:00:00,US,44,South Carolina,Shelby county,64795,DC,32.836081,-82.163725,593
2020-10-14 19:00:00,US,45,South Dakota,coffee county,64796,DE,42.969515,-100.901813,75
2020-10-14 19:00:00,US,45,South Dakota,Henry County,64797,FL,42.969515,-100.901813,100
2020-10-14 19:00:00,US,45,South Dakota,Limestone County,64798,GA,42.969515,-100.901813,114
2020-10-14 19:00:00,US,45,South Dakota,Shelby county,64799,HI,42.969515,-100.901813,123
2020-10-14 19:00:00,US,46,Tennessee,coffee county,64800,IA,34.517491,-87.580447,437
2020-10-14 19:00:00,US,46,Tennessee,Henry County,64801,ID,34.517491,-87.580447,541
2020-10-14 19:00:00,US,46,Tennessee,Limestone County,64802,IL,34.517491,-87.580447,605
2020-10-14 19:00:00,US,46,Tennessee,Shelby county,64803,IN,34.517491,-87.580447,643
2020-10-14 19:00:00,US,47,Texas,coffee county,64804,KS,30.968599,-100.901813,1767
2020-10-14 19:00:00,US,47,Texas,Henry County,64805,KY,30.968599,-100.901813,2158
2020-10-14 19:00:00,US,47,Texas,Limestone County,64806,LA,30.968599,-100.901813,2460
2020-10-14 19:00:00,US,47,Texas,Shelby county,64807,MA,30.968599,-100.901813,2677
2020-10-14 19:00:00,US,48,Utah,coffee county,64808,MD,38.32098,-112.093731,137
2020-10-14 19:00:00,US,48,Utah,Henry County,64809,ME,38.32098,-112.093731,181
2020-10-14 19:00:00,US,48,Utah,Limestone County,64810,MI,38.32098,-112.093731,208
2020-10-14 19:00:00,US,48,Utah,Shelby county,64811,MN,38.32098,-112.093731,224
2020-10-14 19:00:00,US,49,Vermont,coffee county,64812,MO,43.558803,-73.577841,60
2020-10-14 19:00:00,US,49,Vermont,Henry County,64813,MS,43.558803,-73.577841,65
2020-10-14 19:00:00,US,49,Vermont,Limestone County,64814,MT,43.558803,-73.577841,68
2020-10-14 19:00:00,US,49,Vermont,Shelby county,64815,NC,43.558803,-73.577841,70
2020-10-14 19:00:00,US,50,Virginia,coffee county,64816,ND,36.431573,-79.656894,1301
2020-10-14 19:00:00,US,50,Virginia,Henry County,64817,NE,36.431573,-79.656894,1569
2020-10-14 19:00:00,US,50,Virginia,Limestone County,64818,NH,36.431573,-79.656894,1782
2020-10-14 19:00:00,US,50,Virginia,Shelby county,64819,NJ,36.431573,-79.656894,1941
2020-10-14 19:00:00,US,52,Washington,coffee county,64820,NM,46.751074,-121.740139,1147
2020-10-14 19:00:00,US,52,Washington,Henry County,64821,NV,46.751074,-121.740139,1267
2020-10-14 19:00:00,US,52,Washington,Limestone County,64822,NY,46.751074,-121.740139,1348
2020-10-14 19:00:00,US,52,Washington,Shelby county,64823,OH,46.751074,-121.740139,1400
2020-10-14 19:00:00,US,53,West Virginia,coffee county,64824,OK,37.597626,-81.454903,78
2020-10-14 19:00:00,US,53,West Virginia,Henry County,64825,OR,37.597626,-81.454903,89
2020-10-14 19:00:00,US,53,West Virginia,Limestone County,64826,PA,37.597626,-81.454903,98
2020-10-14 19:00:00,US,53,West Virginia,Shelby county,64827,PR,37.597626,-81.454903,104
2020-10-14 19:00:00,US,54,Wisconsin,coffee county,64828,RI,42.78444,-89.787868,562
2020-10-14 19:00:00,US,54,Wisconsin,Henry County,64829,SC,42.78444,-89.787868,676
2020-10-14 19:00:00,US,54,Wisconsin,Limestone County,64830,SD,42.78444,-89.787868,780
2020-10-14 19:00:00,US,54,Wisconsin,Shelby county,64831,TN,42.78444,-89.787868,874
2020-10-14 19:00:00,US,55,Wyoming,coffee county,64832,TX,42.075968,-108.290284,13
2020-10-14 19:00:00,US,55,Wyoming,Henry County,64833,UT,42.075968,-108.290284,17
2020-10-14 19:00:00,US,55,Wyoming,Limestone County,64834,VA,42.075968,-108.290284,20
2020-10-14 19:00:00,US,55,Wyoming,Limestone County,64835,VT,42.075968,-108.290284,22
2020-10-14 19:00:00,US,0,Alabama,Limestone County,64836,WA,31.318231,-87.902298,592.9855418276
2020-10-14 19:00:00,US,0,Alabama,Limestone County,64837,WI,31.318231,-87.902298,696.059840837
2020-10-14 19:00:00,US,0,Alabama,Limestone County,64838,WV,31.318231,-87.902298,800.8537081856
2020-10-14 19:00:00,US,0,Alabama,Limestone County,64839,WY,31.318231,-87.902298,914.3920662639
2020-10-14 19:00:00,US,1,Alaska,Limestone County,64840,AK,62.588753,-155.493062,9.6085450839
2020-10-14 19:00:00,US,1,Alaska,Limestone County,64841,AL,62.588753,-155.493062,10.356673334
2020-10-14 19:00:00,US,1,Alaska,Limestone County,64842,AR,62.588753,-155.493062,10.8939649555
2020-10-14 19:00:00,US,1,Alaska,Limestone County,64843,AZ,62.588753,-155.493062,11.3967296769
2020-10-14 19:00:00,US,3,Arizona,Limestone County,64844,CA,33.048928,-112.093731,834.4054364329
2020-10-14 19:00:00,US,3,Arizona,Limestone County,64845,CO,33.048928,-112.093731,1003.5017346232
2020-10-14 19:00:00,US,3,Arizona,Limestone County,64846,CT,33.048928,-112.093731,1175.7858375059
2020-10-14 19:00:00,US,3,Arizona,Limestone County,64847,DC,33.048928,-112.093731,1348.6925753077
2020-10-14 19:00:00,US,4,Arkansas,Limestone County,64848,DE,34.20105,-92.831833,118.0660496228
2020-10-14 19:00:00,US,4,Arkansas,Limestone County,64849,FL,34.20105,-92.831833,136.4715319656
2020-10-14 19:00:00,US,4,Arkansas,Limestone County,64850,GA,34.20105,-92.831833,154.6462830268
2020-10-14 19:00:00,US,4,Arkansas,Limestone County,64851,HI,34.20105,-92.831833,174.3140694897
2020-10-15 18:00:00,US,5,California,Limestone County,64852,IA,35.778261,-120.417932,3701.0008822628
2020-10-15 18:00:00,US,5,California,Limestone County,64853,ID,35.778261,-120.417932,4129.5965466117
2020-10-15 18:00:00,US,5,California,Limestone County,64854,IL,35.778261,-120.417932,4479.7669022089
2020-10-15 18:00:00,US,5,California,Limestone County,64855,IN,35.778261,-120.417932,4766.4550721959
2020-10-15 18:00:00,US,7,Colorado,Limestone County,64856,KS,38.550051,-106.782067,1362.9248229477
2020-10-15 18:00:00,US,7,Colorado,Limestone County,64857,KY,38.550051,-106.782067,1518.3976634762
2020-10-15 18:00:00,US,7,Colorado,Limestone County,64858,LA,38.550051,-106.782067,1655.762467591
2020-10-15 18:00:00,US,7,Colorado,Limestone County,64859,MA,38.550051,-106.782067,1784.1148109502
2020-10-15 18:00:00,US,8,Connecticut,Limestone County,64860,MD,40.603221,-74.087749,3724.8136174117
2020-10-15 18:00:00,US,8,Connecticut,Limestone County,64861,ME,40.603221,-74.087749,4017.6478274319
2020-10-15 18:00:00,US,8,Connecticut,Limestone County,64862,MI,40.603221,-74.087749,4249.5224660703
2020-10-15 18:00:00,US,8,Connecticut,Limestone County,64863,MN,40.603221,-74.087749,4433.6846562899
2020-10-15 18:00:00,US,9,Delaware,Limestone County,64864,MO,37.910832,-76.52767,346.2637480331
2020-10-15 18:00:00,US,9,Delaware,Limestone County,64865,MS,37.910832,-76.52767,406.1722296346
2020-10-15 18:00:00,US,9,Delaware,Limestone County,64866,MT,37.910832,-76.52767,460.8724496573
2020-10-15 18:00:00,US,9,Delaware,Limestone County,64867,NC,37.910832,-76.52767,513.6673409567
2020-10-15 18:00:00,US,10,District of Columbia,Limestone County,64868,ND,37.905985,-78.033418,437.2154641158
2020-10-15 18:00:00,US,10,District of Columbia,Limestone County,64869,NE,37.905985,-78.033418,483.9428183066
2020-10-15 18:00:00,US,10,District of Columbia,Limestone County,64870,NH,37.905985,-78.033418,518.9087246455
2020-10-15 18:00:00,US,10,District of Columbia,Limestone County,64871,NJ,37.905985,-78.033418,545.1196849564
2020-10-15 18:00:00,US,11,Florida,Limestone County,64872,NM,26.664827,-82.515754,2219.4848210051
2020-10-15 18:00:00,US,11,Florida,Limestone County,64873,NV,26.664827,-82.515754,2433.5842339916
2020-10-15 18:00:00,US,11,Florida,Limestone County,64874,NY,26.664827,-82.515754,2602.1554309396
2020-10-15 18:00:00,US,11,Florida,Limestone County,64875,OH,26.664827,-82.515754,2738.7002914313
2020-10-15 18:00:00,US,12,Georgia,Limestone County,64876,OK,31.157435,-83.907123,1764.2079404464
2020-10-15 18:00:00,US,12,Georgia,Limestone County,64877,OR,31.157435,-83.907123,1902.5016193893
2020-10-15 18:00:00,US,12,Georgia,Limestone County,64878,PA,31.157435,-83.907123,2005.6592553297
2020-10-15 18:00:00,US,12,Georgia,Limestone County,64879,PR,31.157435,-83.907123,2089.7420497825
2020-10-15 18:00:00,US,14,Hawaii,Limestone County,64880,RI,18.898682,-156.665857,17.454461315
2020-10-15 18:00:00,US,14,Hawaii,Limestone County,64881,SC,18.898682,-156.665857,18.7714069072
2020-10-15 18:00:00,US,14,Hawaii,Limestone County,64882,SD,18.898682,-156.665857,19.8411453454
2020-10-15 18:00:00,US,14,Hawaii,Limestone County,64883,TN,18.898682,-156.665857,20.6295515544
2020-10-15 18:00:00,US,15,Idaho,Limestone County,64884,TX,43.068202,-115.742041,78.7100021535
2020-10-15 18:00:00,US,15,Idaho,Limestone County,64885,UT,43.068202,-115.742041,84.2837621466
2020-10-15 18:00:00,US,15,Idaho,Limestone County,64886,VA,43.068202,-115.742041,88.6836190059
2020-10-15 18:00:00,US,15,Idaho,Limestone County,64887,VT,43.068202,-115.742041,91.9157006226
2020-10-15 18:00:00,US,16,Illinois,Limestone County,64888,WA,39.633125,-90.398528,4963.9928771011
2020-10-15 18:00:00,US,16,Illinois,Limestone County,64889,WI,39.633125,-90.398528,5662.4168559068
2020-10-15 18:00:00,US,16,Illinois,Limestone County,64890,WV,39.633125,-90.398528,6248.3404453841
2020-10-15 18:00:00,US,16,Illinois,Limestone County,64891,WY,39.633125,-90.398528,6758.0679870478
2020-10-16 15:00:00,US,17,Indiana,Limestone County,64892,AK,39.551217,-86.602364,2026.4835410458
2020-10-16 15:00:00,US,17,Indiana,Limestone County,64893,AL,39.551217,-86.602364,2258.7650185999
2020-10-16 15:00:00,US,17,Indiana,Limestone County,64894,AR,39.551217,-86.602364,2456.7054620409
2020-10-16 15:00:00,US,17,Indiana,Limestone County,64895,AZ,39.551217,-86.602364,2623.343960665
2020-10-16 15:00:00,US,18,Iowa,Limestone County,64896,CA,40.878003,-94.097702,453.1901709445
2020-10-16 15:00:00,US,18,Iowa,Limestone County,64897,CO,40.878003,-94.097702,563.2057162072
2020-10-16 15:00:00,US,18,Iowa,Limestone County,64898,CT,40.878003,-94.097702,676.0067212157
2020-10-16 15:00:00,US,18,Iowa,Limestone County,64899,DC,40.878003,-94.097702,791.4440911797
2020-10-16 15:00:00,US,19,Kansas,Limestone County,64900,DE,38.011902,-99.484246,216.6480894439
2020-10-16 15:00:00,US,19,Kansas,Limestone County,64901,FL,38.011902,-99.484246,235.0894528876
2020-10-16 15:00:00,US,19,Kansas,Limestone County,64902,GA,38.011902,-99.484246,248.0410539609
2020-10-16 15:00:00,US,19,Kansas,Limestone County,64903,HI,38.011902,-99.484246,257.6092673813
2020-10-16 15:00:00,US,20,Kentucky,Limestone County,64904,IA,36.839333,-85.270018,372.5740494393
2020-10-16 15:00:00,US,20,Kentucky,Limestone County,64905,ID,36.839333,-85.270018,401.0825983116
2020-10-16 15:00:00,US,20,Kentucky,Limestone County,64906,IL,36.839333,-85.270018,423.0972455899
2020-10-16 15:00:00,US,20,Kentucky,Limestone County,64907,IN,36.839333,-85.270018,441.0151920051
2020-10-16 15:00:00,US,21,Louisiana,Limestone County,64908,KS,30.244823,-93.145024,2663.3249815914
2020-10-16 15:00:00,US,21,Louisiana,Limestone County,64909,KY,30.244823,-93.145024,2814.5183723954
2020-10-16 15:00:00,US,21,Louisiana,Limestone County,64910,LA,30.244823,-93.145024,2930.9091507017
2020-10-16 15:00:00,US,21,Louisiana,Limestone County,64911,MA,30.244823,-93.145024,3023.5218007401
2020-10-16 15:00:00,US,22,Maine,Limestone County,64912,MD,44.253783,-70.445469,77.4308557051
2020-10-16 15:00:00,US,22,Maine,Limestone County,64913,ME,44.253783,-70.445469,87.1466451487
2020-10-16 15:00:00,US,22,Maine,Limestone County,64914,MI,44.253783,-70.445469,97.312490245
2020-10-16 15:00:00,US,22,Maine,Limestone County,64915,MN,44.253783,-70.445469,108.6240485449
2020-10-16 15:00:00,US,23,Maryland,Limestone County,64916,MO,38.045755,-77.641271,2309.6022835763
2020-10-16 15:00:00,US,23,Maryland,Limestone County,64917,MS,38.045755,-77.641271,2583.5309851857
2020-10-16 15:00:00,US,23,Maryland,Limestone County,64918,MT,38.045755,-77.641271,2797.4290789158
2020-10-16 15:00:00,US,23,Maryland,Limestone County,64919,NC,38.045755,-77.641271,2970.0967760994
2020-10-16 15:00:00,US,24,Massachusetts,Limestone County,64920,ND,41.407211,-72.382437,6567.5631232827
2020-10-16 15:00:00,US,24,Massachusetts,Limestone County,64921,NE,41.407211,-72.382437,7221.9177685972
2020-10-16 15:00:00,US,24,Massachusetts,Limestone County,64922,NH,41.407211,-72.382437,7716.5509978085
2020-10-16 15:00:00,US,24,Massachusetts,Limestone County,64923,NJ,41.407211,-72.382437,8105.368738801
2020-10-16 15:00:00,US,25,Michigan,Limestone County,64924,NM,43.314844,-86.602364,5229.9839961161
2020-10-16 15:00:00,US,25,Michigan,Limestone County,64925,NV,43.314844,-86.602364,5500.9471086047
2020-10-16 15:00:00,US,25,Michigan,Limestone County,64926,NY,43.314844,-86.602364,5702.0568924509
2020-10-16 15:00:00,US,25,Michigan,Limestone County,64927,OH,43.314844,-86.602364,5849.4891469423
2020-10-16 15:00:00,US,26,Minnesota,Limestone County,64928,OK,45.729553,-95.6859,902.6016093144
2020-10-16 15:00:00,US,26,Minnesota,Limestone County,64929,OR,45.729553,-95.6859,1085.7021377393
2020-10-16 15:00:00,US,26,Minnesota,Limestone County,64930,PA,45.729553,-95.6859,1251.3777075081
2020-10-16 15:00:00,US,26,Minnesota,Limestone County,64931,PR,45.729553,-95.6859,1400.1766341188
2020-10-16 15:00:00,US,27,Mississippi,Limestone County,64932,RI,31.354668,-90.398528,613.8209382589
2020-10-16 15:00:00,US,27,Mississippi,Limestone County,64933,SC,31.354668,-90.398528,716.3932651079
2020-10-16 15:00:00,US,27,Mississippi,Limestone County,64934,SD,31.354668,-90.398528,821.3191981554
2020-10-16 15:00:00,US,27,Mississippi,Limestone County,64935,TN,31.354668,-90.398528,936.2886364235
2020-10-16 15:00:00,US,28,Missouri,Limestone County,64936,TX,36.964253,-92.831833,693.0575556265
2020-10-16 15:00:00,US,28,Missouri,Limestone County,64937,UT,36.964253,-92.831833,776.1801450248
2020-10-16 15:00:00,US,28,Missouri,Limestone County,64938,VA,36.964253,-92.831833,842.3780130925
2020-10-16 15:00:00,US,28,Missouri,Limestone County,64939,VT,36.964253,-92.831833,896.850373168
2020-10-16 15:00:00,US,29,Montana,Limestone County,64940,WA,45.879682,-111.362566,17.2908325011
2020-10-16 15:00:00,US,29,Montana,Limestone County,64941,WI,45.879682,-111.362566,18.8524579983
2020-10-16 15:00:00,US,29,Montana,Limestone County,64942,WV,45.879682,-111.362566,20.8699919313
2020-10-16 15:00:00,US,29,Montana,Limestone County,64943,WY,45.879682,-111.362566,23.5494087502
2020-10-16 15:00:00,US,30,Nebraska,Limestone County,64944,AK,40.492537,-100.901813,169.0498232693
2020-10-16 15:00:00,US,30,Nebraska,Limestone County,64945,AL,40.492537,-100.901813,213.3625152816
2020-10-16 15:00:00,US,30,Nebraska,Limestone County,64946,AR,40.492537,-100.901813,258.0488450327
2020-10-16 15:00:00,US,30,Nebraska,Limestone County,64947,AZ,40.492537,-100.901813,305.7475322725
2020-10-16 15:00:00,US,31,Nevada,Limestone County,64948,CA,37.80261,-117.419389,392.3381601808
2020-10-16 15:00:00,US,31,Nevada,Limestone County,64949,CO,37.80261,-117.419389,428.5071867256
2020-10-16 15:00:00,US,31,Nevada,Limestone County,64950,CT,37.80261,-117.419389,456.6758503627
2020-10-16 15:00:00,US,31,Nevada,Limestone County,64951,DC,37.80261,-117.419389,479.3459813261
2020-10-16 15:00:00,US,32,New Hampshire,Limestone County,64952,DE,33.97273,-106.032363,209.105481001
2020-10-16 15:00:00,US,32,New Hampshire,Limestone County,64953,FL,33.97273,-106.032363,250.6617334998
2020-10-16 15:00:00,US,32,New Hampshire,Limestone County,64954,GA,33.97273,-106.032363,289.9311215663
2020-10-16 15:00:00,US,32,New Hampshire,Limestone County,64955,HI,33.97273,-106.032363,329.4850478063
2020-10-16 15:00:00,US,33,New Jersey,Limestone County,64956,IA,39.058324,-75.405661,11279.9710726965
2020-10-16 15:00:00,US,33,New Jersey,Limestone County,64957,ID,39.058324,-75.405661,11997.8123743397
2020-10-16 15:00:00,US,33,New Jersey,Limestone County,64958,IL,39.058324,-75.405661,12496.6433862212
2020-10-16 15:00:00,US,33,New Jersey,Limestone County,64959,IN,39.058324,-75.405661,12847.3310122085
2020-10-16 15:00:00,US,34,New Mexico,Limestone County,64960,KS,42.193852,-72.572395,317.5695527771
2020-10-16 15:00:00,US,34,New Mexico,Limestone County,64961,KY,42.193852,-72.572395,373.7298281605
2020-10-16 15:00:00,US,34,New Mexico,Limestone County,64962,LA,42.193852,-72.572395,424.5375185844
2020-10-16 15:00:00,US,34,New Mexico,Limestone County,64963,MA,42.193852,-72.572395,471.1963950222
2020-10-16 15:00:00,US,35,New York,Limestone County,64964,MD,42.299428,-75.217933,29557.0863570297
2020-10-16 15:00:00,US,35,New York,Limestone County,64965,ME,42.299428,-75.217933,30501.8497410755
2020-10-16 15:00:00,US,35,New York,Limestone County,64966,MI,42.299428,-75.217933,31110.8702717716
2020-10-16 15:00:00,US,35,New York,Limestone County,64967,MN,42.299428,-75.217933,31515.5850651491
2020-10-16 15:00:00,US,36,North Carolina,Limestone County,64968,MO,34.759573,-80.0193,818.2475622133
2020-10-16 15:00:00,US,36,North Carolina,Limestone County,64969,MS,34.759573,-80.0193,956.2402966876
2020-10-16 15:00:00,US,36,North Carolina,Limestone County,64970,MT,34.759573,-80.0193,1094.9767353164
2020-10-16 15:00:00,US,36,North Carolina,Limestone County,64971,NC,34.759573,-80.0193,1248.8813790394
2020-10-16 15:00:00,US,37,North Dakota,Limestone County,64972,ND,46.551493,-102.002012,52.0378753126
2020-10-16 15:00:00,US,37,North Dakota,Limestone County,64973,NE,46.551493,-102.002012,62.5587460677
2020-10-16 15:00:00,US,37,North Dakota,Limestone County,64974,NH,46.551493,-102.002012,72.2351430572
2020-10-16 15:00:00,US,37,North Dakota,Limestone County,64975,NJ,46.551493,-102.002012,80.8705727156
2020-10-16 15:00:00,US,38,Ohio,Limestone County,64976,NM,39.417287,-83.907123,1856.8702123564
2020-10-16 15:00:00,US,38,Ohio,Limestone County,64977,NV,39.417287,-83.907123,2068.9295341769
2020-10-16 15:00:00,US,38,Ohio,Limestone County,64978,NY,39.417287,-83.907123,2240.5477789357
2020-10-16 15:00:00,US,38,Ohio,Limestone County,64979,OH,39.417287,-83.907123,2383.9889018293
2020-10-16 15:00:00,US,39,Oklahoma,Limestone County,64980,OK,34.007752,-98.092877,312.0414804223
2020-10-16 15:00:00,US,39,Oklahoma,Limestone County,64981,OR,34.007752,-98.092877,333.2533655868
2020-10-16 15:00:00,US,39,Oklahoma,Limestone County,64982,PA,34.007752,-98.092877,350.1551868755
2020-10-16 15:00:00,US,39,Oklahoma,Limestone County,64983,PR,42.804133,-121.554201,363.5474160394
2020-10-16 15:00:00,US,40,Oregon,Limestone County,64984,RI,42.804133,-121.554201,149.3784431389
2020-10-16 15:00:00,US,40,Oregon,Limestone County,64985,SC,42.804133,-121.554201,161.347864101
2020-10-16 15:00:00,US,40,Oregon,Limestone County,64986,SD,42.804133,-121.554201,170.6592226166
2020-10-17 16:00:00,US,40,Oregon,Limestone County,64987,TN,42.804133,-121.554201,178.02757476
2020-10-17 16:00:00,US,41,Pennsylvania,Limestone County,64988,TX,40.203322,-78.194525,5139.1600093841
2020-10-17 16:00:00,US,41,Pennsylvania,Limestone County,64989,UT,40.203322,-78.194525,5686.4265986148
2020-10-17 16:00:00,US,41,Pennsylvania,Limestone County,64990,VA,40.203322,-78.194525,6122.0501328095
2020-10-17 16:00:00,US,41,Pennsylvania,Limestone County,64991,VT,40.203322,-78.194525,6475.220296252
2020-10-17 16:00:00,US,43,Rhode Island,Limestone County,64992,WA,40.580095,-72.477429,581.487735732
2020-10-17 16:00:00,US,43,Rhode Island,Limestone County,64993,WI,40.580095,-72.477429,656.2875805735
2020-10-17 16:00:00,US,43,Rhode Island,Limestone County,64994,WV,40.580095,-72.477429,717.6697601695
2020-10-17 16:00:00,US,43,Rhode Island,Limestone County,64995,WY,40.580095,-72.477429,767.8962965763
2020-10-17 16:00:00,US,44,South Carolina,Limestone County,64996,AK,32.836081,-82.163725,433.6280334725
2020-10-17 16:00:00,US,44,South Carolina,Limestone County,64997,AL,32.836081,-82.163725,482.856313166
2020-10-17 16:00:00,US,44,South Carolina,Limestone County,64998,AR,32.836081,-82.163725,525.8419661384
2020-10-17 16:00:00,US,44,South Carolina,Limestone County,64999,AZ,32.836081,-82.163725,564.4276734606
2020-10-17 16:00:00,US,45,South Dakota,Limestone County,65000,CA,42.969515,-100.901813,63.4445800328
2020-10-17 16:00:00,US,45,South Dakota,Limestone County,65001,CO,42.969515,-100.901813,82.0600646438
2020-10-17 16:00:00,US,45,South Dakota,Limestone County,65002,CT,42.969515,-100.901813,101.2860240072
2020-10-17 16:00:00,US,45,South Dakota,Limestone County,65003,DC,42.969515,-100.901813,120.7890354813
2020-10-17 16:00:00,US,46,Tennessee,Limestone County,65004,DE,34.517491,-87.580447,358.8981440561
2020-10-17 16:00:00,US,46,Tennessee,Limestone County,65005,FL,34.517491,-87.580447,411.3826917535
2020-10-17 16:00:00,US,46,Tennessee,Limestone County,65006,GA,34.517491,-87.580447,465.2774835305
2020-10-17 16:00:00,US,46,Tennessee,Limestone County,65007,HI,34.517491,-87.580447,528.9950741591
2020-10-17 16:00:00,US,47,Texas,Limestone County,65008,IA,30.968599,-100.901813,1587.8310902583
2020-10-17 16:00:00,US,47,Texas,Limestone County,65009,ID,30.968599,-100.901813,1871.313732907
2020-10-17 16:00:00,US,47,Texas,Limestone County,65010,IL,30.968599,-100.901813,2181.8314998035
2020-10-17 16:00:00,US,47,Texas,Limestone County,65011,IN,30.968599,-100.901813,2554.4945581656
2020-10-17 16:00:00,US,48,Utah,Limestone County,65012,KS,38.32098,-112.093731,101.6818567322
2020-10-17 16:00:00,US,48,Utah,Limestone County,65013,KY,38.32098,-112.093731,119.5928733284
2020-10-17 16:00:00,US,48,Utah,Limestone County,65014,LA,38.32098,-112.093731,138.9440679506
2020-10-17 16:00:00,US,48,Utah,Limestone County,65015,MA,38.32098,-112.093731,161.9906661575
2020-10-17 16:00:00,US,49,Vermont,Limestone County,65016,MD,43.558803,-73.577841,55.4299725592
2020-10-17 16:00:00,US,49,Vermont,Limestone County,65017,ME,43.558803,-73.577841,57.612329797
2020-10-17 16:00:00,US,49,Vermont,Limestone County,65018,MI,43.558803,-73.577841,59.0814926774
2020-10-17 16:00:00,US,49,Vermont,Limestone County,65019,MN,43.558803,-73.577841,60.3079702364
2020-10-17 16:00:00,US,50,Virginia,Limestone County,65020,MO,36.431573,-79.656894,1181.9890023211
2020-10-17 16:00:00,US,50,Virginia,Limestone County,65021,MS,36.431573,-79.656894,1340.2288094443
2020-10-17 16:00:00,US,50,Virginia,Limestone County,65022,MT,36.431573,-79.656894,1472.5862662767
2020-10-17 16:00:00,US,50,Virginia,Limestone County,65023,NC,36.431573,-79.656894,1580.2799635788
2020-10-17 16:00:00,US,52,Washington,Limestone County,65024,ND,46.751074,-121.740139,1076.8555102657
2020-10-17 16:00:00,US,52,Washington,Limestone County,65025,NE,46.751074,-121.740139,1142.0207705345
2020-10-17 16:00:00,US,52,Washington,Limestone County,65026,NH,46.751074,-121.740139,1193.3605995681
2020-10-17 16:00:00,US,52,Washington,Limestone County,65027,NJ,46.751074,-121.740139,1235.1807154373
2020-10-17 16:00:00,US,53,West Virginia,Limestone County,65028,NM,37.597626,-81.454903,75.347526926
2020-10-18 16:00:00,US,53,West Virginia,Limestone County,65029,NV,37.597626,-81.454903,85.3047446985
2020-10-18 16:00:00,US,53,West Virginia,Limestone County,65030,NY,37.597626,-81.454903,94.240046961
2020-10-18 16:00:00,US,53,West Virginia,Limestone County,65031,OH,37.597626,-81.454903,102.2963814459
2020-10-18 16:00:00,US,54,Wisconsin,Limestone County,65032,OK,42.78444,-89.787868,514.3422171188
2020-10-18 16:00:00,US,54,Wisconsin,Limestone County,65033,OR,42.78444,-89.787868,571.5560286911
2020-10-18 16:00:00,US,54,Wisconsin,Limestone County,65034,PA,42.78444,-89.787868,621.437357929
2020-10-18 16:00:00,US,54,Wisconsin,Limestone County,65035,PR,42.78444,-89.787868,665.1031672623
2020-10-18 16:00:00,US,55,Wyoming,Limestone County,65036,RI,42.075968,-108.290284,10.0956499279
2020-10-18 16:00:00,US,55,Wyoming,Limestone County,65037,SC,42.075968,-108.290284,11.8456846661
2020-10-18 16:00:00,US,55,Wyoming,Limestone County,65038,SD,42.075968,-108.290284,14.1214928205
2020-10-18 16:00:00,US,55,Wyoming,Limestone County,65039,TN,42.075968,-108.290284,17.2236026764
2020-10-18 16:00:00,US,65,Guam,Limestone County,65040,TX,43.075968,-107.290284,4.6232531171
2020-10-18 16:00:00,US,65,Guam,Limestone County,65041,UT,44.075968,-106.290284,5.3737904139
2020-10-18 16:00:00,US,65,Guam,Limestone County,65042,VA,45.075968,-105.290284,6.0868005983
2020-10-18 16:00:00,US,65,Guam,Limestone County,65043,VT,46.075968,-104.290284,6.701147338
2020-10-18 16:00:00,US,68,Northern Mariana Islands,Limestone County,65044,WA,47.075968,-103.290284,1.5038940411
2020-10-18 16:00:00,US,68,Northern Mariana Islands,Limestone County,65045,WI,48.075968,-102.290284,2.1139660898
2020-10-18 16:00:00,US,68,Northern Mariana Islands,Limestone County,65046,WV,49.075968,-101.290284,2.6961676521
2020-10-18 16:00:00,US,68,Northern Mariana Islands,Limestone County,65047,WY,50.075968,-100.290284,3.1993221572
2020-10-18 16:00:00,US,71,Puerto Rico,Limestone County,65048,AK,51.075968,-99.290284,134.5011909727
2020-10-18 16:00:00,US,71,Puerto Rico,Limestone County,65049,AL,52.075968,-98.290284,147.0118268145
2020-10-18 16:00:00,US,71,Puerto Rico,Limestone County,65050,AR,53.075968,-97.290284,157.2490718567
2020-10-18 16:00:00,US,71,Puerto Rico,Limestone County,65051,AZ,54.075968,-96.290284,166.0049641834
2020-10-18 16:00:00,US,77,Virgin Islands,Limestone County,65052,CA,55.075968,-95.290284,6.4463829227
2020-10-18 16:00:00,US,77,Virgin Islands,Limestone County,65053,CO,56.075968,-94.290284,8.1649242493
2020-10-18 16:00:00,US,77,Virgin Islands,Limestone County,65054,CT,57.075968,-93.290284,9.5919468182
2020-10-18 16:00:00,US,77,Virgin Islands,Limestone County,65055,DC,58.075968,-92.290284,10.7586387642
2020-10-18 16:00:00,US,US,,Limestone County,65056,DE,59.075968,-91.290284,97570.6768101288
2020-10-18 16:00:00,US,US,,Limestone County,65057,FL,60.075968,-90.290284,104398.339413103
2020-10-18 16:00:00,US,US,,Limestone County,65058,GA,61.075968,-89.290284,109453.479178455
2020-10-18 16:00:00,US,US,,Limestone County,65059,HI,62.075968,-88.290284,113362.526603905
2020-10-19T17:00:00,US,1,Alabama,coffee county,64636,AK,32.318231,-86.902298,659
2020-10-19T17:00:00,US,1,Alabama,Henry County,64636,AL,32.318231,-86.902298,803
2020-10-19T17:00:00,US,1,Alabama,Limestone County,64636,AR,32.318231,-86.902298,905
2020-10-19T17:00:00,US,1,Alabama,Shelby county,64636,AZ,32.318231,-86.902298,973
2020-10-19T17:00:00,US,2,Alaska,coffee county,64637,CA,63.588753,-154.493062,12
2020-10-19T17:00:00,US,2,Alaska,Henry County,64638,CO,63.588753,-154.493062,15
2020-10-19T17:00:00,US,2,Alaska,Limestone County,64639,CT,63.588753,-154.493062,16
2020-10-19T17:00:00,US,2,Alaska,Shelby county,64640,DC,63.588753,-154.493062,17
2020-10-19T17:00:00,US,4,Arizona,coffee county,64641,DE,34.048928,-111.093731,844
2020-10-19T17:00:00,US,4,Arizona,Henry County,64642,FL,34.048928,-111.093731,1006
2020-10-19T17:00:00,US,4,Arizona,Limestone County,64643,GA,34.048928,-111.093731,1139
2020-10-19T17:00:00,US,4,Arizona,Shelby county,64644,HI,34.048928,-111.093731,1246
2020-10-19T17:00:00,US,5,Arkansas,coffee county,64645,IA,35.20105,-91.831833,139
2020-10-19T17:00:00,US,5,Arkansas,Henry County,64646,ID,35.20105,-91.831833,170
2020-10-19T17:00:00,US,5,Arkansas,Limestone County,64647,IL,35.20105,-91.831833,189
2020-10-19T17:00:00,US,5,Arkansas,Shelby county,64648,IN,35.20105,-91.831833,200
2020-10-19T17:00:00,US,6,California,coffee county,64649,KS,36.778261,-119.417932,4020
2020-10-19T17:00:00,US,6,California,Henry County,64650,KY,36.778261,-119.417932,4752
2020-10-19T17:00:00,US,6,California,Limestone County,64651,LA,36.778261,-119.417932,5349
2020-10-19T17:00:00,US,6,California,Shelby county,64652,MA,36.778261,-119.417932,5824
2020-10-19T17:00:00,US,8,Colorado,coffee county,64653,MD,39.550051,-105.782067,1447
2020-10-19T17:00:00,US,8,Colorado,Henry County,64654,ME,39.550051,-105.782067,1673
2020-10-19T17:00:00,US,8,Colorado,Limestone County,64655,MI,39.550051,-105.782067,1856
2020-10-19T17:00:00,US,8,Colorado,Shelby county,64656,MN,39.550051,-105.782067,2000
2020-10-19T17:00:00,US,9,Connecticut,coffee county,64657,MO,41.603221,-73.087749,3737
2020-10-19T17:00:00,US,9,Connecticut,Henry County,64658,MS,41.603221,-73.087749,4066
2020-10-19T17:00:00,US,9,Connecticut,Limestone County,64659,MT,41.603221,-73.087749,4336
2020-10-19T17:00:00,US,9,Connecticut,Shelby county,64660,NC,41.603221,-73.087749,4552
2020-10-19T17:00:00,US,10,Delaware,coffee county,64661,ND,38.910832,-75.52767,366
2020-10-19T17:00:00,US,10,Delaware,Henry County,64662,NE,38.910832,-75.52767,442
2020-10-20T17:00:00,US,10,Delaware,Limestone County,64663,NH,38.910832,-75.52767,504
2020-10-20T17:00:00,US,10,Delaware,Shelby county,64664,NJ,38.910832,-75.52767,553
2020-10-20T17:00:00,US,11,District of Columbia,coffee county,64665,NM,38.905985,-77.033418,468
2020-10-20T17:00:00,US,11,District of Columbia,Henry County,64666,NV,38.905985,-77.033418,540
2020-10-20T17:00:00,US,11,District of Columbia,Limestone County,64667,NY,38.905985,-77.033418,591
2020-10-20T17:00:00,US,11,District of Columbia,Shelby county,64668,OH,38.905985,-77.033418,625
2020-10-20T17:00:00,US,12,Florida,coffee county,64669,OK,27.664827,-81.515754,2397
2020-10-20T17:00:00,US,12,Florida,Henry County,64670,OR,27.664827,-81.515754,2772
2020-10-20T17:00:00,US,12,Florida,Limestone County,64671,PA,27.664827,-81.515754,3067
2020-10-20T17:00:00,US,12,Florida,Shelby county,64672,PR,27.664827,-81.515754,3294
2020-10-20T17:00:00,US,13,Georgia,coffee county,64673,RI,32.157435,-82.907123,1919
2020-10-20T17:00:00,US,13,Georgia,Henry County,64674,SC,32.157435,-82.907123,2174
2020-10-20T17:00:00,US,13,Georgia,Limestone County,64675,SD,32.157435,-82.907123,2346
2020-10-20T17:00:00,US,13,Georgia,Shelby county,64676,TN,32.157435,-82.907123,2458
2020-10-20T17:00:00,US,15,Hawaii,coffee county,64677,TX,19.898682,-155.665857,21
2020-10-20T17:00:00,US,15,Hawaii,Henry County,64678,UT,19.898682,-155.665857,25
2020-10-20T17:00:00,US,15,Hawaii,Limestone County,64679,VA,19.898682,-155.665857,27
2020-10-20T17:00:00,US,15,Hawaii,Shelby county,64680,VT,19.898682,-155.665857,29
2020-10-20T17:00:00,US,16,Idaho,coffee county,64681,WA,44.068202,-114.742041,92
2020-10-20T17:00:00,US,16,Idaho,Henry County,64682,WI,44.068202,-114.742041,106
2020-10-20T17:00:00,US,16,Idaho,Limestone County,64683,WV,44.068202,-114.742041,115
2020-10-20T17:00:00,US,16,Idaho,Shelby county,64684,WY,44.068202,-114.742041,120
2020-10-20T17:00:00,US,17,Illinois,coffee county,64685,AK,40.633125,-89.398528,5392
2020-10-20T17:00:00,US,17,Illinois,Henry County,64686,AL,40.633125,-89.398528,6430
2020-10-20T17:00:00,US,17,Illinois,Limestone County,64687,AR,40.633125,-89.398528,7154
2020-10-20T17:00:00,US,17,Illinois,Shelby county,64688,AZ,40.633125,-89.398528,7660
2020-10-20T17:00:00,US,18,Indiana,coffee county,64689,CA,40.551217,-85.602364,2178
2020-10-20T17:00:00,US,18,Indiana,Henry County,64690,CO,40.551217,-85.602364,2508
2020-10-20T17:00:00,US,18,Indiana,Limestone County,64691,CT,40.551217,-85.602364,2721
2020-10-20T17:00:00,US,18,Indiana,Shelby county,64692,DC,40.551217,-85.602364,2857
2020-10-20T17:00:00,US,19,Iowa,coffee county,64693,DE,41.878003,-93.097702,494
2020-10-20T17:00:00,US,19,Iowa,Henry County,64694,FL,41.878003,-93.097702,625
2020-10-20T17:00:00,US,19,Iowa,Limestone County,64695,GA,41.878003,-93.097702,723
2020-10-20T17:00:00,US,19,Iowa,Shelby county,64696,HI,41.878003,-93.097702,796
2020-10-20T17:00:00,US,20,Kansas,coffee county,64697,IA,39.011902,-98.484246,261
2020-10-20T17:00:00,US,20,Kansas,Henry County,64698,ID,39.011902,-98.484246,310
2020-10-20T17:00:00,US,20,Kansas,Limestone County,64699,IL,39.011902,-98.484246,340
2020-10-20T17:00:00,US,20,Kansas,Shelby county,64700,IN,39.011902,-98.484246,358
2020-10-20T17:00:00,US,21,Kentucky,coffee county,64701,KS,37.839333,-84.270018,404
2020-10-20T17:00:00,US,21,Kentucky,Henry County,64702,KY,37.839333,-84.270018,457
2020-10-20T17:00:00,US,21,Kentucky,Limestone County,64703,LA,37.839333,-84.270018,490
2020-10-20T17:00:00,US,21,Kentucky,Shelby county,64704,MA,37.839333,-84.270018,509
2020-10-20T17:00:00,US,22,Louisiana,coffee county,64705,MD,31.244823,-92.145024,2812
2020-10-20T17:00:00,US,22,Louisiana,Henry County,64706,ME,31.244823,-92.145024,3076
2020-10-20T17:00:00,US,22,Louisiana,Limestone County,64707,MI,31.244823,-92.145024,3256
2020-10-20T17:00:00,US,22,Louisiana,Shelby county,64708,MN,31.244823,-92.145024,3377
2020-10-20T17:00:00,US,23,Maine,coffee county,64709,MO,45.253783,-69.445469,84
2020-10-20T17:00:00,US,23,Maine,Henry County,64710,MS,45.253783,-69.445469,98
2020-10-20T17:00:00,US,23,Maine,Limestone County,64711,MT,45.253783,-69.445469,109
2020-10-20T17:00:00,US,23,Maine,Shelby county,64712,NC,45.253783,-69.445469,117
2020-10-20T17:00:00,US,24,Maryland,coffee county,64713,ND,39.045755,-76.641271,2418
2020-10-20T17:00:00,US,24,Maryland,Henry County,64714,NE,39.045755,-76.641271,2790
2020-10-20T17:00:00,US,24,Maryland,Limestone County,64715,NH,39.045755,-76.641271,3058
2020-10-20T17:00:00,US,24,Maryland,Shelby county,64716,NJ,39.045755,-76.641271,3256
2020-10-20T17:00:00,US,25,Massachusetts,coffee county,64717,NM,42.407211,-71.382437,6893
2020-10-20T17:00:00,US,25,Massachusetts,Henry County,64718,NV,42.407211,-71.382437,7871
2020-10-20T17:00:00,US,25,Massachusetts,Limestone County,64719,NY,42.407211,-71.382437,8594
2020-10-20T17:00:00,US,25,Massachusetts,Shelby county,64720,OH,42.407211,-71.382437,9120
2020-10-20T17:00:00,US,26,Michigan,coffee county,64721,OK,44.314844,-85.602364,5380
2020-10-20T17:00:00,US,26,Michigan,Henry County,64722,OR,44.314844,-85.602364,5857
2020-10-20T17:00:00,US,26,Michigan,Limestone County,64723,PA,44.314844,-85.602364,6246
2020-10-20T17:00:00,US,26,Michigan,Shelby county,64724,PR,44.314844,-85.602364,6553
2020-10-20T17:00:00,US,27,Minnesota,coffee county,64725,RI,46.729553,-94.6859,1041
2020-10-20T17:00:00,US,27,Minnesota,Henry County,64726,SC,46.729553,-94.6859,1332
2020-10-20T17:00:00,US,27,Minnesota,Limestone County,64727,SD,46.729553,-94.6859,1556
2020-10-20T17:00:00,US,27,Minnesota,Shelby county,64728,TN,46.729553,-94.6859,1718
2020-10-20T17:00:00,US,28,Mississippi,coffee county,64729,TX,32.354668,-89.398528,671
2020-10-20T17:00:00,US,28,Mississippi,Henry County,64730,UT,32.354668,-89.398528,817
2020-10-20T17:00:00,US,28,Mississippi,Limestone County,64731,VA,32.354668,-89.398528,945
2020-10-20T17:00:00,US,28,Mississippi,Shelby county,64732,VT,32.354668,-89.398528,1056
2020-10-20T17:00:00,US,29,Missouri,coffee county,64733,WA,37.964253,-91.831833,757
2020-10-20T17:00:00,US,29,Missouri,Henry County,64734,WI,37.964253,-91.831833,887
2020-10-20T17:00:00,US,29,Missouri,Limestone County,64735,WV,37.964253,-91.831833,981
2020-10-20T17:00:00,US,29,Missouri,Shelby county,64736,WY,37.964253,-91.831833,1047
2020-10-20T17:00:00,US,30,Montana,coffee county,64737,AK,46.879682,-110.362566,19
2020-10-20T17:00:00,US,30,Montana,Henry County,64738,AL,46.879682,-110.362566,22
2020-10-20T17:00:00,US,30,Montana,Limestone County,64739,AR,46.879682,-110.362566,23
2020-10-20T17:00:00,US,30,Montana,Shelby county,64740,AZ,46.879682,-110.362566,24
2020-10-20T17:00:00,US,31,Nebraska,coffee county,64741,CA,41.492537,-99.901813,209
2020-10-20T17:00:00,US,31,Nebraska,Henry County,64742,CO,41.492537,-99.901813,273
2020-10-20T17:00:00,US,31,Nebraska,Limestone County,64743,CT,41.492537,-99.901813,312
2020-10-20T17:00:00,US,31,Nebraska,Shelby county,64744,DC,41.492537,-99.901813,335
2020-10-20T17:00:00,US,32,Nevada,coffee county,64745,DE,38.80261,-116.419389,409
2020-10-20T17:00:00,US,32,Nevada,Henry County,64746,FL,38.80261,-116.419389,461
2020-10-20T17:00:00,US,32,Nevada,Limestone County,64747,GA,38.80261,-116.419389,501
2020-10-20T17:00:00,US,32,Nevada,Shelby county,64748,HI,38.80261,-116.419389,529
2020-10-20T17:00:00,US,33,New Hampshire,coffee county,64749,IA,34.97273,-105.032363,218
2020-10-20T17:00:00,US,33,New Hampshire,Henry County,64750,ID,34.97273,-105.032363,259
2020-10-20T17:00:00,US,33,New Hampshire,Limestone County,64751,IL,34.97273,-105.032363,287
2020-10-20T17:00:00,US,33,New Hampshire,Shelby county,64752,IN,34.97273,-105.032363,310
2020-10-20T17:00:00,US,34,New Jersey,coffee county,64753,KS,40.058324,-74.405661,12043
2020-10-20T17:00:00,US,34,New Jersey,Henry County,64754,KY,40.058324,-74.405661,13341
2020-10-20T17:00:00,US,34,New Jersey,Limestone County,64755,LA,40.058324,-74.405661,14173
2020-10-20T17:00:00,US,34,New Jersey,Shelby county,64756,MA,40.058324,-74.405661,14701
2020-10-20T17:00:00,US,35,New Mexico,coffee county,64757,MD,43.193852,-71.572395,324
2020-10-20T17:00:00,US,35,New Mexico,Henry County,64758,ME,43.193852,-71.572395,383
2020-10-20T17:00:00,US,35,New Mexico,Limestone County,64759,MI,43.193852,-71.572395,429
2020-10-20T17:00:00,US,35,New Mexico,Shelby county,64760,MN,43.193852,-71.572395,465
2020-10-20T17:00:00,US,36,New York,coffee county,64761,MO,43.299428,-74.217933,30957
2020-10-20T17:00:00,US,36,New York,Henry County,64762,MS,43.299428,-74.217933,33004
2020-10-20T17:00:00,US,36,New York,Limestone County,64763,MT,43.299428,-74.217933,34266
2020-10-20T17:00:00,US,36,New York,Shelby county,64764,NC,43.299428,-74.217933,35041
2020-10-20T17:00:00,US,37,North Carolina,coffee county,64765,ND,35.759573,-79.0193,907
2020-10-20T17:00:00,US,37,North Carolina,Henry County,64766,NE,35.759573,-79.0193,1124
2020-10-20T17:00:00,US,37,North Carolina,Limestone County,64767,NH,35.759573,-79.0193,1299
2020-10-20T17:00:00,US,37,North Carolina,Shelby county,64768,NJ,35.759573,-79.0193,1442
2020-10-20T17:00:00,US,38,North Dakota,coffee county,64769,NM,47.551493,-101.002012,59
2020-10-20T17:00:00,US,38,North Dakota,Henry County,64770,NV,47.551493,-101.002012,73
2020-10-20T17:00:00,US,38,North Dakota,Limestone County,64771,NY,47.551493,-101.002012,83
2020-10-20T17:00:00,US,38,North Dakota,Shelby county,64772,OH,47.551493,-101.002012,90
2020-10-20T17:00:00,US,39,Ohio,coffee county,64773,OK,40.417287,-82.907123,1881
2020-10-20T17:00:00,US,39,Ohio,Henry County,64774,OR,40.417287,-82.907123,2098
2020-10-20T17:00:00,US,39,Ohio,Limestone County,64775,PA,40.417287,-82.907123,2247
2020-10-20T17:00:00,US,39,Ohio,Shelby county,64776,PR,40.417287,-82.907123,2344
2020-10-20T17:00:00,US,40,Oklahoma,coffee county,64777,RI,35.007752,-97.092877,334
2020-10-20T17:00:00,US,40,Oklahoma,Henry County,64778,SC,35.007752,-97.092877,374
2020-10-20T17:00:00,US,40,Oklahoma,Limestone County,64779,SD,35.007752,-97.092877,405
2020-10-20T17:00:00,US,40,Oklahoma,Shelby county,64780,TN,43.804133,-120.554201,428
2020-10-20T17:00:00,US,41,Oregon,coffee county,64781,TX,43.804133,-120.554201,170
2020-10-20T17:00:00,US,41,Oregon,Henry County,64782,UT,43.804133,-120.554201,203
2020-10-20T17:00:00,US,41,Oregon,Limestone County,64783,VA,43.804133,-120.554201,228
2020-10-20T17:00:00,US,41,Oregon,Shelby county,64784,VT,43.804133,-120.554201,248
2020-10-20T17:00:00,US,42,Pennsylvania,coffee county,64785,WA,41.203322,-77.194525,5287
2020-10-20T17:00:00,US,42,Pennsylvania,Henry County,64786,WI,41.203322,-77.194525,5918
2020-10-20T17:00:00,US,42,Pennsylvania,Limestone County,64787,WV,41.203322,-77.194525,6334
2020-10-20T17:00:00,US,42,Pennsylvania,Shelby county,64788,WY,41.203322,-77.194525,6597
2020-10-20T17:00:00,US,44,Rhode Island,coffee county,64789,AK,41.580095,-71.477429,621
2020-10-20T17:00:00,US,44,Rhode Island,Henry County,64790,AL,41.580095,-71.477429,728
2020-10-20T17:00:00,US,44,Rhode Island,Limestone County,64791,AR,41.580095,-71.477429,805
2020-10-20T17:00:00,US,44,Rhode Island,Shelby county,64792,AZ,41.580095,-71.477429,859
2020-10-20T17:00:00,US,45,South Carolina,coffee county,64793,CA,33.836081,-81.163725,461
2020-10-20T17:00:00,US,45,South Carolina,Henry County,64794,CO,33.836081,-81.163725,523
2020-10-20T17:00:00,US,45,South Carolina,Limestone County,64795,CT,33.836081,-81.163725,565
2020-10-20T17:00:00,US,45,South Carolina,Shelby county,64796,DC,33.836081,-81.163725,594
2020-10-20T17:00:00,US,46,South Dakota,coffee county,64797,DE,43.969515,-99.901813,76
2020-10-20T17:00:00,US,46,South Dakota,Henry County,64798,FL,43.969515,-99.901813,101
2020-10-20T17:00:00,US,46,South Dakota,Limestone County,64799,GA,43.969515,-99.901813,115
2020-10-20T17:00:00,US,46,South Dakota,Shelby county,64800,HI,43.969515,-99.901813,124
2020-10-20T17:00:00,US,47,Tennessee,coffee county,64801,IA,35.517491,-86.580447,438
2020-10-20T17:00:00,US,47,Tennessee,Henry County,64802,ID,35.517491,-86.580447,542
2020-10-20T17:00:00,US,47,Tennessee,Limestone County,64803,IL,35.517491,-86.580447,606
2020-10-20T17:00:00,US,47,Tennessee,Shelby county,64804,IN,35.517491,-86.580447,644
2020-10-20T17:00:00,US,48,Texas,coffee county,64805,KS,31.968599,-99.901813,1768
2020-10-20T17:00:00,US,48,Texas,Henry County,64806,KY,31.968599,-99.901813,2159
2020-10-20T17:00:00,US,48,Texas,Limestone County,64807,LA,31.968599,-99.901813,2461
2020-10-20T17:00:00,US,48,Texas,Shelby county,64808,MA,31.968599,-99.901813,2678
2020-10-20T17:00:00,US,49,Utah,coffee county,64809,MD,39.32098,-111.093731,138
2020-10-20T17:00:00,US,49,Utah,Henry County,64810,ME,39.32098,-111.093731,182
2020-10-20T17:00:00,US,49,Utah,Limestone County,64811,MI,39.32098,-111.093731,209
2020-10-21T17:00:00,US,49,Utah,Shelby county,64812,MN,39.32098,-111.093731,225
2020-10-21T17:00:00,US,50,Vermont,coffee county,64813,MO,44.558803,-72.577841,61
2020-10-21T17:00:00,US,50,Vermont,Henry County,64814,MS,44.558803,-72.577841,66
2020-10-21T17:00:00,US,50,Vermont,Limestone County,64815,MT,44.558803,-72.577841,69
2020-10-21T17:00:00,US,50,Vermont,Shelby county,64816,NC,44.558803,-72.577841,71
2020-10-21T17:00:00,US,51,Virginia,coffee county,64817,ND,37.431573,-78.656894,1302
2020-10-21T17:00:00,US,51,Virginia,Henry County,64818,NE,37.431573,-78.656894,1570
2020-10-21T17:00:00,US,51,Virginia,Limestone County,64819,NH,37.431573,-78.656894,1783
2020-10-21T17:00:00,US,51,Virginia,Shelby county,64820,NJ,37.431573,-78.656894,1942
2020-10-21T17:00:00,US,53,Washington,coffee county,64821,NM,47.751074,-120.740139,1148
2020-10-21T17:00:00,US,53,Washington,Henry County,64822,NV,47.751074,-120.740139,1268
2020-10-21T17:00:00,US,53,Washington,Limestone County,64823,NY,47.751074,-120.740139,1349
2020-10-21T17:00:00,US,53,Washington,Shelby county,64824,OH,47.751074,-120.740139,1401
2020-10-21T17:00:00,US,54,West Virginia,coffee county,64825,OK,38.597626,-80.454903,79
2020-10-21T17:00:00,US,54,West Virginia,Henry County,64826,OR,38.597626,-80.454903,90
2020-10-21T17:00:00,US,54,West Virginia,Limestone County,64827,PA,38.597626,-80.454903,99
2020-10-21T17:00:00,US,54,West Virginia,Shelby county,64828,PR,38.597626,-80.454903,105
2020-10-21T17:00:00,US,55,Wisconsin,coffee county,64829,RI,43.78444,-88.787868,563
2020-10-21T17:00:00,US,55,Wisconsin,Henry County,64830,SC,43.78444,-88.787868,677
2020-10-21T17:00:00,US,55,Wisconsin,Limestone County,64831,SD,43.78444,-88.787868,781
2020-10-21T17:00:00,US,55,Wisconsin,Shelby county,64832,TN,43.78444,-88.787868,875
2020-10-21T17:00:00,US,56,Wyoming,coffee county,64833,TX,43.075968,-107.290284,14
2020-10-21T17:00:00,US,56,Wyoming,Henry County,64834,UT,43.075968,-107.290284,18
2020-10-21T17:00:00,US,56,Wyoming,Limestone County,64835,VA,43.075968,-107.290284,21
2020-10-21T17:00:00,US,56,Wyoming,Limestone County,64836,VT,43.075968,-107.290284,23
2020-10-21T17:00:00,US,1,Alabama,Limestone County,64837,WA,32.318231,-86.902298,593.9855418276
2020-10-21T17:00:00,US,1,Alabama,Limestone County,64838,WI,32.318231,-86.902298,697.059840837
2020-10-21T17:00:00,US,1,Alabama,Limestone County,64839,WV,32.318231,-86.902298,801.8537081856
2020-10-21T17:00:00,US,1,Alabama,Limestone County,64840,WY,32.318231,-86.902298,915.3920662639
2020-10-21T17:00:00,US,2,Alaska,Limestone County,64841,AK,63.588753,-154.493062,10.6085450839
2020-10-21T17:00:00,US,2,Alaska,Limestone County,64842,AL,63.588753,-154.493062,11.356673334
2020-10-21T17:00:00,US,2,Alaska,Limestone County,64843,AR,63.588753,-154.493062,11.8939649555
2020-10-21T17:00:00,US,2,Alaska,Limestone County,64844,AZ,63.588753,-154.493062,12.3967296769
2020-10-21T17:00:00,US,4,Arizona,Limestone County,64845,CA,34.048928,-111.093731,835.4054364329
2020-10-21T17:00:00,US,4,Arizona,Limestone County,64846,CO,34.048928,-111.093731,1004.5017346232
2020-10-21T17:00:00,US,4,Arizona,Limestone County,64847,CT,34.048928,-111.093731,1176.7858375059
2020-10-21T17:00:00,US,4,Arizona,Limestone County,64848,DC,34.048928,-111.093731,1349.6925753077
2020-10-21T17:00:00,US,5,Arkansas,Limestone County,64849,DE,35.20105,-91.831833,119.0660496228
2020-10-21T17:00:00,US,5,Arkansas,Limestone County,64850,FL,35.20105,-91.831833,137.4715319656
2020-10-21T17:00:00,US,5,Arkansas,Limestone County,64851,GA,35.20105,-91.831833,155.6462830268
2020-10-21T17:00:00,US,5,Arkansas,Limestone County,64852,HI,35.20105,-91.831833,175.3140694897
2020-10-21T17:00:00,US,6,California,Limestone County,64853,IA,36.778261,-119.417932,3702.0008822628
2020-10-21T17:00:00,US,6,California,Limestone County,64854,ID,36.778261,-119.417932,4130.5965466117
2020-10-21T17:00:00,US,6,California,Limestone County,64855,IL,36.778261,-119.417932,4480.7669022089
2020-10-21T17:00:00,US,6,California,Limestone County,64856,IN,36.778261,-119.417932,4767.4550721959
2020-10-21T17:00:00,US,8,Colorado,Limestone County,64857,KS,39.550051,-105.782067,1363.9248229477
2020-10-21T17:00:00,US,8,Colorado,Limestone County,64858,KY,39.550051,-105.782067,1519.3976634762
2020-10-21T17:00:00,US,8,Colorado,Limestone County,64859,LA,39.550051,-105.782067,1656.762467591
2020-10-21T17:00:00,US,8,Colorado,Limestone County,64860,MA,39.550051,-105.782067,1785.1148109502
2020-10-21T17:00:00,US,9,Connecticut,Limestone County,64861,MD,41.603221,-73.087749,3725.8136174117
2020-10-21T17:00:00,US,9,Connecticut,Limestone County,64862,ME,41.603221,-73.087749,4018.6478274319
2020-10-21T17:00:00,US,9,Connecticut,Limestone County,64863,MI,41.603221,-73.087749,4250.5224660703
2020-10-21T17:00:00,US,9,Connecticut,Limestone County,64864,MN,41.603221,-73.087749,4434.6846562899
2020-10-21T17:00:00,US,10,Delaware,Limestone County,64865,MO,38.910832,-75.52767,347.2637480331
2020-10-21T17:00:00,US,10,Delaware,Limestone County,64866,MS,38.910832,-75.52767,407.1722296346
2020-10-21T17:00:00,US,10,Delaware,Limestone County,64867,MT,38.910832,-75.52767,461.8724496573
2020-10-21T17:00:00,US,10,Delaware,Limestone County,64868,NC,38.910832,-75.52767,514.6673409567
2020-10-21T17:00:00,US,11,District of Columbia,Limestone County,64869,ND,38.905985,-77.033418,438.2154641158
2020-10-21T17:00:00,US,11,District of Columbia,Limestone County,64870,NE,38.905985,-77.033418,484.9428183066
2020-10-21T17:00:00,US,11,District of Columbia,Limestone County,64871,NH,38.905985,-77.033418,519.9087246455
2020-10-21T17:00:00,US,11,District of Columbia,Limestone County,64872,NJ,38.905985,-77.033418,546.1196849564
2020-10-21T17:00:00,US,12,Florida,Limestone County,64873,NM,27.664827,-81.515754,2220.4848210051
2020-10-21T17:00:00,US,12,Florida,Limestone County,64874,NV,27.664827,-81.515754,2434.5842339916
2020-10-21T17:00:00,US,12,Florida,Limestone County,64875,NY,27.664827,-81.515754,2603.1554309396
2020-10-21T17:00:00,US,12,Florida,Limestone County,64876,OH,27.664827,-81.515754,2739.7002914313
2020-10-21T17:00:00,US,13,Georgia,Limestone County,64877,OK,32.157435,-82.907123,1765.2079404464
2020-10-21T17:00:00,US,13,Georgia,Limestone County,64878,OR,32.157435,-82.907123,1903.5016193893
2020-10-21T17:00:00,US,13,Georgia,Limestone County,64879,PA,32.157435,-82.907123,2006.6592553297
2020-10-21T17:00:00,US,13,Georgia,Limestone County,64880,PR,32.157435,-82.907123,2090.7420497825
2020-10-21T17:00:00,US,15,Hawaii,Limestone County,64881,RI,19.898682,-155.665857,18.454461315
2020-10-21T17:00:00,US,15,Hawaii,Limestone County,64882,SC,19.898682,-155.665857,19.7714069072
2020-10-21T17:00:00,US,15,Hawaii,Limestone County,64883,SD,19.898682,-155.665857,20.8411453454
2020-10-21T17:00:00,US,15,Hawaii,Limestone County,64884,TN,19.898682,-155.665857,21.6295515544
2020-10-21T17:00:00,US,16,Idaho,Limestone County,64885,TX,44.068202,-114.742041,79.7100021535
2020-10-21T17:00:00,US,16,Idaho,Limestone County,64886,UT,44.068202,-114.742041,85.2837621466
2020-10-21T17:00:00,US,16,Idaho,Limestone County,64887,VA,44.068202,-114.742041,89.6836190059
2020-10-21T17:00:00,US,16,Idaho,Limestone County,64888,VT,44.068202,-114.742041,92.9157006226
2020-10-21T17:00:00,US,17,Illinois,Limestone County,64889,WA,40.633125,-89.398528,4964.9928771011
2020-10-21T17:00:00,US,17,Illinois,Limestone County,64890,WI,40.633125,-89.398528,5663.4168559068
2020-10-21T17:00:00,US,17,Illinois,Limestone County,64891,WV,40.633125,-89.398528,6249.3404453841
2020-10-21T17:00:00,US,17,Illinois,Limestone County,64892,WY,40.633125,-89.398528,6759.0679870478
2020-10-21T17:00:00,US,18,Indiana,Limestone County,64893,AK,40.551217,-85.602364,2027.4835410458
2020-10-21T17:00:00,US,18,Indiana,Limestone County,64894,AL,40.551217,-85.602364,2259.7650185999
2020-10-21T17:00:00,US,18,Indiana,Limestone County,64895,AR,40.551217,-85.602364,2457.7054620409
2020-10-21T17:00:00,US,18,Indiana,Limestone County,64896,AZ,40.551217,-85.602364,2624.343960665
2020-10-21T17:00:00,US,19,Iowa,Limestone County,64897,CA,41.878003,-93.097702,454.1901709445
2020-10-21T17:00:00,US,19,Iowa,Limestone County,64898,CO,41.878003,-93.097702,564.2057162072
2020-10-21T17:00:00,US,19,Iowa,Limestone County,64899,CT,41.878003,-93.097702,677.0067212157
2020-10-21T17:00:00,US,19,Iowa,Limestone County,64900,DC,41.878003,-93.097702,792.4440911797
2020-10-21T17:00:00,US,20,Kansas,Limestone County,64901,DE,39.011902,-98.484246,217.6480894439
2020-10-21T17:00:00,US,20,Kansas,Limestone County,64902,FL,39.011902,-98.484246,236.0894528876
2020-10-21T17:00:00,US,20,Kansas,Limestone County,64903,GA,39.011902,-98.484246,249.0410539609
2020-10-21T17:00:00,US,20,Kansas,Limestone County,64904,HI,39.011902,-98.484246,258.6092673813
2020-10-21T17:00:00,US,21,Kentucky,Limestone County,64905,IA,37.839333,-84.270018,373.5740494393
2020-10-21T17:00:00,US,21,Kentucky,Limestone County,64906,ID,37.839333,-84.270018,402.0825983116
2020-10-21T17:00:00,US,21,Kentucky,Limestone County,64907,IL,37.839333,-84.270018,424.0972455899
2020-10-21T17:00:00,US,21,Kentucky,Limestone County,64908,IN,37.839333,-84.270018,442.0151920051
2020-10-21T17:00:00,US,22,Louisiana,Limestone County,64909,KS,31.244823,-92.145024,2664.3249815914
2020-10-21T17:00:00,US,22,Louisiana,Limestone County,64910,KY,31.244823,-92.145024,2815.5183723954
2020-10-21T17:00:00,US,22,Louisiana,Limestone County,64911,LA,31.244823,-92.145024,2931.9091507017
2020-10-21T17:00:00,US,22,Louisiana,Limestone County,64912,MA,31.244823,-92.145024,3024.5218007401
2020-10-21T17:00:00,US,23,Maine,Limestone County,64913,MD,45.253783,-69.445469,78.4308557051
2020-10-21T17:00:00,US,23,Maine,Limestone County,64914,ME,45.253783,-69.445469,88.1466451487
2020-10-21T17:00:00,US,23,Maine,Limestone County,64915,MI,45.253783,-69.445469,98.312490245
2020-10-21T17:00:00,US,23,Maine,Limestone County,64916,MN,45.253783,-69.445469,109.6240485449
2020-10-21T17:00:00,US,24,Maryland,Limestone County,64917,MO,39.045755,-76.641271,2310.6022835763
2020-10-21T17:00:00,US,24,Maryland,Limestone County,64918,MS,39.045755,-76.641271,2584.5309851857
2020-10-21T17:00:00,US,24,Maryland,Limestone County,64919,MT,39.045755,-76.641271,2798.4290789158
2020-10-21T17:00:00,US,24,Maryland,Limestone County,64920,NC,39.045755,-76.641271,2971.0967760994
2020-10-21T17:00:00,US,25,Massachusetts,Limestone County,64921,ND,42.407211,-71.382437,6568.5631232827
2020-10-21T17:00:00,US,25,Massachusetts,Limestone County,64922,NE,42.407211,-71.382437,7222.9177685972
2020-10-21T17:00:00,US,25,Massachusetts,Limestone County,64923,NH,42.407211,-71.382437,7717.5509978085
2020-10-21T17:00:00,US,25,Massachusetts,Limestone County,64924,NJ,42.407211,-71.382437,8106.368738801
2020-10-21T17:00:00,US,26,Michigan,Limestone County,64925,NM,44.314844,-85.602364,5230.9839961161
2020-10-21T17:00:00,US,26,Michigan,Limestone County,64926,NV,44.314844,-85.602364,5501.9471086047
2020-10-21T17:00:00,US,26,Michigan,Limestone County,64927,NY,44.314844,-85.602364,5703.0568924509
2020-10-21T17:00:00,US,26,Michigan,Limestone County,64928,OH,44.314844,-85.602364,5850.4891469423
2020-10-21T17:00:00,US,27,Minnesota,Limestone County,64929,OK,46.729553,-94.6859,903.6016093144
2020-10-21T17:00:00,US,27,Minnesota,Limestone County,64930,OR,46.729553,-94.6859,1086.7021377393
2020-10-21T17:00:00,US,27,Minnesota,Limestone County,64931,PA,46.729553,-94.6859,1252.3777075081
2020-10-21T17:00:00,US,27,Minnesota,Limestone County,64932,PR,46.729553,-94.6859,1401.1766341188
2020-10-21T17:00:00,US,28,Mississippi,Limestone County,64933,RI,32.354668,-89.398528,614.8209382589
2020-10-21T17:00:00,US,28,Mississippi,Limestone County,64934,SC,32.354668,-89.398528,717.3932651079
2020-10-21T17:00:00,US,28,Mississippi,Limestone County,64935,SD,32.354668,-89.398528,822.3191981554
2020-10-21T17:00:00,US,28,Mississippi,Limestone County,64936,TN,32.354668,-89.398528,937.2886364235
2020-10-21T17:00:00,US,29,Missouri,Limestone County,64937,TX,37.964253,-91.831833,694.0575556265
2020-10-21T17:00:00,US,29,Missouri,Limestone County,64938,UT,37.964253,-91.831833,777.1801450248
2020-10-21T17:00:00,US,29,Missouri,Limestone County,64939,VA,37.964253,-91.831833,843.3780130925
2020-10-21T17:00:00,US,29,Missouri,Limestone County,64940,VT,37.964253,-91.831833,897.850373168
2020-10-21T17:00:00,US,30,Montana,Limestone County,64941,WA,46.879682,-110.362566,18.2908325011
2020-10-21T17:00:00,US,30,Montana,Limestone County,64942,WI,46.879682,-110.362566,19.8524579983
2020-10-21T17:00:00,US,30,Montana,Limestone County,64943,WV,46.879682,-110.362566,21.8699919313
2020-10-21T17:00:00,US,30,Montana,Limestone County,64944,WY,46.879682,-110.362566,24.5494087502
2020-10-21T17:00:00,US,31,Nebraska,Limestone County,64945,AK,41.492537,-99.901813,170.0498232693
2020-10-21T17:00:00,US,31,Nebraska,Limestone County,64946,AL,41.492537,-99.901813,214.3625152816
2020-10-21T17:00:00,US,31,Nebraska,Limestone County,64947,AR,41.492537,-99.901813,259.0488450327
2020-10-21T17:00:00,US,31,Nebraska,Limestone County,64948,AZ,41.492537,-99.901813,306.7475322725
2020-10-21T17:00:00,US,32,Nevada,Limestone County,64949,CA,38.80261,-116.419389,393.3381601808
2020-10-21T17:00:00,US,32,Nevada,Limestone County,64950,CO,38.80261,-116.419389,429.5071867256
2020-10-21T17:00:00,US,32,Nevada,Limestone County,64951,CT,38.80261,-116.419389,457.6758503627
2020-10-21T17:00:00,US,32,Nevada,Limestone County,64952,DC,38.80261,-116.419389,480.3459813261
2020-10-21T17:00:00,US,33,New Hampshire,Limestone County,64953,DE,34.97273,-105.032363,210.105481001
2020-10-21T17:00:00,US,33,New Hampshire,Limestone County,64954,FL,34.97273,-105.032363,251.6617334998
2020-10-21T17:00:00,US,33,New Hampshire,Limestone County,64955,GA,34.97273,-105.032363,290.9311215663
2020-10-21T17:00:00,US,33,New Hampshire,Limestone County,64956,HI,34.97273,-105.032363,330.4850478063
2020-10-21T17:00:00,US,34,New Jersey,Limestone County,64957,IA,40.058324,-74.405661,11280.9710726965
2020-10-21T17:00:00,US,34,New Jersey,Limestone County,64958,ID,40.058324,-74.405661,11998.8123743397
2020-10-21T17:00:00,US,34,New Jersey,Limestone County,64959,IL,40.058324,-74.405661,12497.6433862212
2020-10-21T17:00:00,US,34,New Jersey,Limestone County,64960,IN,40.058324,-74.405661,12848.3310122085
2020-10-22T17:00:00,US,35,New Mexico,Limestone County,64961,KS,43.193852,-71.572395,318.5695527771
2020-10-22T17:00:00,US,35,New Mexico,Limestone County,64962,KY,43.193852,-71.572395,374.7298281605
2020-10-22T17:00:00,US,35,New Mexico,Limestone County,64963,LA,43.193852,-71.572395,425.5375185844
2020-10-22T17:00:00,US,35,New Mexico,Limestone County,64964,MA,43.193852,-71.572395,472.1963950222
2020-10-22T17:00:00,US,36,New York,Limestone County,64965,MD,43.299428,-74.217933,29558.0863570297
2020-10-22T17:00:00,US,36,New York,Limestone County,64966,ME,43.299428,-74.217933,30502.8497410755
2020-10-22T17:00:00,US,36,New York,Limestone County,64967,MI,43.299428,-74.217933,31111.8702717716
2020-10-22T17:00:00,US,36,New York,Limestone County,64968,MN,43.299428,-74.217933,31516.5850651491
2020-10-22T17:00:00,US,37,North Carolina,Limestone County,64969,MO,35.759573,-79.0193,819.2475622133
2020-10-22T17:00:00,US,37,North Carolina,Limestone County,64970,MS,35.759573,-79.0193,957.2402966876
2020-10-22T17:00:00,US,37,North Carolina,Limestone County,64971,MT,35.759573,-79.0193,1095.9767353164
2020-10-22T17:00:00,US,37,North Carolina,Limestone County,64972,NC,35.759573,-79.0193,1249.8813790394
2020-10-22T17:00:00,US,38,North Dakota,Limestone County,64973,ND,47.551493,-101.002012,53.0378753126
2020-10-22T17:00:00,US,38,North Dakota,Limestone County,64974,NE,47.551493,-101.002012,63.5587460677
2020-10-22T17:00:00,US,38,North Dakota,Limestone County,64975,NH,47.551493,-101.002012,73.2351430572
2020-10-22T17:00:00,US,38,North Dakota,Limestone County,64976,NJ,47.551493,-101.002012,81.8705727156
2020-10-22T17:00:00,US,39,Ohio,Limestone County,64977,NM,40.417287,-82.907123,1857.8702123564
2020-10-22T17:00:00,US,39,Ohio,Limestone County,64978,NV,40.417287,-82.907123,2069.9295341769
2020-10-22T17:00:00,US,39,Ohio,Limestone County,64979,NY,40.417287,-82.907123,2241.5477789357
2020-10-22T17:00:00,US,39,Ohio,Limestone County,64980,OH,40.417287,-82.907123,2384.9889018293
2020-10-22T17:00:00,US,40,Oklahoma,Limestone County,64981,OK,35.007752,-97.092877,313.0414804223
2020-10-22T17:00:00,US,40,Oklahoma,Limestone County,64982,OR,35.007752,-97.092877,334.2533655868
2020-10-22T17:00:00,US,40,Oklahoma,Limestone County,64983,PA,35.007752,-97.092877,351.1551868755
2020-10-22T17:00:00,US,40,Oklahoma,Limestone County,64984,PR,43.804133,-120.554201,364.5474160394
2020-10-22T17:00:00,US,41,Oregon,Limestone County,64985,RI,43.804133,-120.554201,150.3784431389
2020-10-22T17:00:00,US,41,Oregon,Limestone County,64986,SC,43.804133,-120.554201,162.347864101
2020-10-22T17:00:00,US,41,Oregon,Limestone County,64987,SD,43.804133,-120.554201,171.6592226166
2020-10-22T17:00:00,US,41,Oregon,Limestone County,64988,TN,43.804133,-120.554201,179.02757476
2020-10-22T17:00:00,US,42,Pennsylvania,Limestone County,64989,TX,41.203322,-77.194525,5140.1600093841
2020-10-22T17:00:00,US,42,Pennsylvania,Limestone County,64990,UT,41.203322,-77.194525,5687.4265986148
2020-10-22T17:00:00,US,42,Pennsylvania,Limestone County,64991,VA,41.203322,-77.194525,6123.0501328095
2020-10-22T17:00:00,US,42,Pennsylvania,Limestone County,64992,VT,41.203322,-77.194525,6476.220296252
2020-10-22T17:00:00,US,44,Rhode Island,Limestone County,64993,WA,41.580095,-71.477429,582.487735732
2020-10-22T17:00:00,US,44,Rhode Island,Limestone County,64994,WI,41.580095,-71.477429,657.2875805735
2020-10-22T17:00:00,US,44,Rhode Island,Limestone County,64995,WV,41.580095,-71.477429,718.6697601695
2020-10-22T17:00:00,US,44,Rhode Island,Limestone County,64996,WY,41.580095,-71.477429,768.8962965763
2020-10-22T17:00:00,US,45,South Carolina,Limestone County,64997,AK,33.836081,-81.163725,434.6280334725
2020-10-22T17:00:00,US,45,South Carolina,Limestone County,64998,AL,33.836081,-81.163725,483.856313166
2020-10-22T17:00:00,US,45,South Carolina,Limestone County,64999,AR,33.836081,-81.163725,526.8419661384
2020-10-22T17:00:00,US,45,South Carolina,Limestone County,65000,AZ,33.836081,-81.163725,565.4276734606
2020-10-22T17:00:00,US,46,South Dakota,Limestone County,65001,CA,43.969515,-99.901813,64.4445800328
2020-10-22T17:00:00,US,46,South Dakota,Limestone County,65002,CO,43.969515,-99.901813,83.0600646438
2020-10-22T17:00:00,US,46,South Dakota,Limestone County,65003,CT,43.969515,-99.901813,102.2860240072
2020-10-22T17:00:00,US,46,South Dakota,Limestone County,65004,DC,43.969515,-99.901813,121.7890354813
2020-10-22T17:00:00,US,47,Tennessee,Limestone County,65005,DE,35.517491,-86.580447,359.8981440561
2020-10-22T17:00:00,US,47,Tennessee,Limestone County,65006,FL,35.517491,-86.580447,412.3826917535
2020-10-22T17:00:00,US,47,Tennessee,Limestone County,65007,GA,35.517491,-86.580447,466.2774835305
2020-10-22T17:00:00,US,47,Tennessee,Limestone County,65008,HI,35.517491,-86.580447,529.9950741591
2020-10-22T17:00:00,US,48,Texas,Limestone County,65009,IA,31.968599,-99.901813,1588.8310902583
2020-10-22T17:00:00,US,48,Texas,Limestone County,65010,ID,31.968599,-99.901813,1872.313732907
2020-10-22T17:00:00,US,48,Texas,Limestone County,65011,IL,31.968599,-99.901813,2182.8314998035
2020-10-22T17:00:00,US,48,Texas,Limestone County,65012,IN,31.968599,-99.901813,2555.4945581656
2020-10-22T17:00:00,US,49,Utah,Limestone County,65013,KS,39.32098,-111.093731,102.6818567322
2020-10-22T17:00:00,US,49,Utah,Limestone County,65014,KY,39.32098,-111.093731,120.5928733284
2020-10-22T17:00:00,US,49,Utah,Limestone County,65015,LA,39.32098,-111.093731,139.9440679506
2020-10-22T17:00:00,US,49,Utah,Limestone County,65016,MA,39.32098,-111.093731,162.9906661575
2020-10-22T17:00:00,US,50,Vermont,Limestone County,65017,MD,44.558803,-72.577841,56.4299725592
2020-10-22T17:00:00,US,50,Vermont,Limestone County,65018,ME,44.558803,-72.577841,58.612329797
2020-10-22T17:00:00,US,50,Vermont,Limestone County,65019,MI,44.558803,-72.577841,60.0814926774
2020-10-22T17:00:00,US,50,Vermont,Limestone County,65020,MN,44.558803,-72.577841,61.3079702364
2020-10-22T17:00:00,US,51,Virginia,Limestone County,65021,MO,37.431573,-78.656894,1182.9890023211
2020-10-22T17:00:00,US,51,Virginia,Limestone County,65022,MS,37.431573,-78.656894,1341.2288094443
2020-10-22T17:00:00,US,51,Virginia,Limestone County,65023,MT,37.431573,-78.656894,1473.5862662767
2020-10-22T17:00:00,US,51,Virginia,Limestone County,65024,NC,37.431573,-78.656894,1581.2799635788
2020-10-22T17:00:00,US,53,Washington,Limestone County,65025,ND,47.751074,-120.740139,1077.8555102657
2020-10-22T17:00:00,US,53,Washington,Limestone County,65026,NE,47.751074,-120.740139,1143.0207705345
2020-10-22T17:00:00,US,53,Washington,Limestone County,65027,NH,47.751074,-120.740139,1194.3605995681
2020-10-22T17:00:00,US,53,Washington,Limestone County,65028,NJ,47.751074,-120.740139,1236.1807154373
2020-10-22T17:00:00,US,54,West Virginia,Limestone County,65029,NM,38.597626,-80.454903,76.347526926
2020-10-22T17:00:00,US,54,West Virginia,Limestone County,65030,NV,38.597626,-80.454903,86.3047446985
2020-10-22T17:00:00,US,54,West Virginia,Limestone County,65031,NY,38.597626,-80.454903,95.240046961
2020-10-22T17:00:00,US,54,West Virginia,Limestone County,65032,OH,38.597626,-80.454903,103.2963814459
2020-10-22T17:00:00,US,55,Wisconsin,Limestone County,65033,OK,43.78444,-88.787868,515.3422171188
2020-10-22T17:00:00,US,55,Wisconsin,Limestone County,65034,OR,43.78444,-88.787868,572.5560286911
2020-10-22T17:00:00,US,55,Wisconsin,Limestone County,65035,PA,43.78444,-88.787868,622.437357929
2020-10-22T17:00:00,US,55,Wisconsin,Limestone County,65036,PR,43.78444,-88.787868,666.1031672623
2020-10-22T17:00:00,US,56,Wyoming,Limestone County,65037,RI,43.075968,-107.290284,11.0956499279
2020-10-22T17:00:00,US,56,Wyoming,Limestone County,65038,SC,43.075968,-107.290284,12.8456846661
2020-10-22T17:00:00,US,56,Wyoming,Limestone County,65039,SD,43.075968,-107.290284,15.1214928205
2020-10-22T17:00:00,US,56,Wyoming,Limestone County,65040,TN,43.075968,-107.290284,18.2236026764
2020-10-22T17:00:00,US,66,Guam,Limestone County,65041,TX,44.075968,-106.290284,5.6232531171
2020-10-22T17:00:00,US,66,Guam,Limestone County,65042,UT,45.075968,-105.290284,6.3737904139
2020-10-22T17:00:00,US,66,Guam,Limestone County,65043,VA,46.075968,-104.290284,7.0868005983
2020-10-22T17:00:00,US,66,Guam,Limestone County,65044,VT,47.075968,-103.290284,7.701147338
2020-10-22T17:00:00,US,69,Northern Mariana Islands,Limestone County,65045,WA,48.075968,-102.290284,2.5038940411
2020-10-22T17:00:00,US,69,Northern Mariana Islands,Limestone County,65046,WI,49.075968,-101.290284,3.1139660898
2020-10-22T17:00:00,US,69,Northern Mariana Islands,Limestone County,65047,WV,50.075968,-100.290284,3.6961676521
2020-10-22T17:00:00,US,69,Northern Mariana Islands,Limestone County,65048,WY,51.075968,-99.290284,4.1993221572
2020-10-22T17:00:00,US,72,Puerto Rico,Limestone County,65049,AK,52.075968,-98.290284,135.5011909727
2020-10-22T17:00:00,US,72,Puerto Rico,Limestone County,65050,AL,53.075968,-97.290284,148.0118268145
2020-10-22T17:00:00,US,72,Puerto Rico,Limestone County,65051,AR,54.075968,-96.290284,158.2490718567
2020-10-22T17:00:00,US,72,Puerto Rico,Limestone County,65052,AZ,55.075968,-95.290284,167.0049641834
2020-10-22T17:00:00,US,78,Virgin Islands,Limestone County,65053,CA,56.075968,-94.290284,7.4463829227
2020-10-22T17:00:00,US,78,Virgin Islands,Limestone County,65054,CO,57.075968,-93.290284,9.1649242493
2020-10-22T17:00:00,US,78,Virgin Islands,Limestone County,65055,CT,58.075968,-92.290284,10.5919468182
2020-10-22T17:00:00,US,78,Virgin Islands,Limestone County,65056,DC,59.075968,-91.290284,11.7586387642
2020-10-22T17:00:00,US,51,Vermont,Limestone County,65057,DE,60.075968,-90.290284,97571.6768101288
2020-10-22T17:00:00,US,51,Vermont,Limestone County,65058,FL,61.075968,-89.290284,104399.339413103
2020-10-22T17:00:00,US,51,Vermont,Limestone County,65059,GA,62.075968,-88.290284,109454.479178455
2020-10-22T17:00:00,US,51,Vermont,Limestone County,65060,HI,63.075968,-87.290284,113363.526603905
